cloneId	readCount	readFraction	targetSequences	targetQualities	allVHitsWithScore	allDHitsWithScore	allJHitsWithScore	allCHitsWithScore	allVAlignments	allDAlignments	allJAlignments	allCAlignments	nSeqCDR3	minQualCDR3	aaSeqCDR3	refPoints
0	155.0	0.3202479338842975	TGTGCAAGAGGGGGCGACTACTTTGACTACTGG	[[[[[[[[[[[[[[[[[[[[[[[[[[[[[[[[[	IGHV9-1*01(2622.5)	IGHD2-Z1*01(25),IGHD4-M*01(25)	IGHJ1-M*01(479.4)	IGHM*01(343.4)	276|286|309|0|10||100.0	28|33|48|10|15||25.0;18|23|33|10|15||25.0	23|40|71|16|33||170.0		TGTGCAAGAGGGGGCGACTACTTTGACTACTGG	58	CARGGDYFDYW	:::::::::0:-3:10:10:-12:1:15:16:-3:33:::
1	22.0	0.045454545454545456	TGTGCAAAACAGAGTGACAATGCTTTTGACTACTGG	[[[[[[[[[[[[[[[[[[[[[[[[[[[[[[[[[[[[	IGHV4-2*01(1686.7)	IGHD3-M*01(25)	IGHJ4-M*01(510)	IGHM*01(350)	282|293|315|0|11||110.0	15|20|33|11|16||25.0	20|40|71|16|36||200.0		TGTGCAAAACAGAGTGACAATGCTTTTGACTACTGG	58	CAKQSDNAFDYW	:::::::::0:-2:11:11:-4:-2:16:16:0:36:::
2	22.0	0.045454545454545456	TGTGCAAAACAAGACAACAATGCTTTTGACTACTGG	[[[[[[[[[[[[[[[[[[[[[[[[[[[[[[[[[[[[	IGHV4-2*01(2074.6)		IGHJ4-M*01(510)	IGHM*01(345.5)	282|295|315|0|13||130.0		20|40|71|16|36||200.0		TGTGCAAAACAAGACAACAATGCTTTTGACTACTGG	58	CAKQDNNAFDYW	:::::::::0:0:13:::::16:0:36:::
3	16.0	0.03305785123966942	TGTGCAAAACAAGCTTATAACTACTTTGACTACTGG	[[[[[[[[[[[[[[[[[[[[[[[[[[[[[[[[[[[[	IGHV4-2*01(1572.6)		IGHJ1-M*01(478.2)	IGHM*01(350)	282|298|315|0|16||160.0		23|40|71|19|36||170.0		TGTGCAAAACAAGCTTATAACTACTTTGACTACTGG	58	CAKQAYNYFDYW	:::::::::0:3:16:::::19:-3:36:::
4	11.0	0.022727272727272728	TGCGCCAGAGAGTACATCAATGCTGCCTTTGACTACTGG	[[[[[[[[[[[[[[[[[[[[[[[[[[[[[[[[[[[[[[[	IGHV5-5-1*01(2402.5)		IGHJ3-M*01(530)	IGHM*01(346.9)	288|303|321|0|15||150.0		21|43|74|17|39||220.0		TGCGCCAGAGAGTACATCAATGCTGCCTTTGACTACTGG	58	CAREYINAAFDYW	:::::::::0:2:15:::::17:-1:39:::
5	9.0	0.01859504132231405	TGTGCAAAACAAGCTTATGGAGTGGACGGTGCCTTTGACTACTGG	[[[[[[[[[[[[[[[[[[[[[[[[[[[[[[[[[[[[[[[[[[[[[	IGHV4-2*01(1272.2)	IGHD3-M*01(45)	IGHJ2-M*01(510)	IGHM*01(350)	282|298|315|0|16||160.0	12|21|33|16|25||45.0	20|40|71|25|45||200.0		TGTGCAAAACAAGCTTATGGAGTGGACGGTGCCTTTGACTACTGG	58	CAKQAYGVDGAFDYW	:::::::::0:3:16:16:-1:-1:25:25:0:45:::
6	9.0	0.01859504132231405	TGTGCAAAACAAGCGGAGTACAATGCTTTTCACTACTGG	[[[[[[[[[[[[[[[[[[[[[[[[[[[[[[[[[[[[[[[	IGHV4-2*01(1886)		IGHJ4-M*01(501)	IGHM*01(331.9)	282|296|315|0|14||140.0		18|40|71|17|39|SG31C|191.0		TGTGCAAAACAAGCGGAGTACAATGCTTTTCACTACTGG	58	CAKQAEYNAFHYW	:::::::::0:1:14:::::17:2:39:::
7	9.0	0.01859504132231405	TGTGCAAAAGAAGTATACAATGCTGCCTTTGATTACTGG	[[[[[[[[[[[[[[[[[[[[[[[[[[[[[[[[[[[[[[[	IGHV4-2*01(1418.7)		IGHJ3-M*01(521)	IGHM*01(350)	282|295|315|0|13|SC291G|101.0		19|43|74|15|39|SC36T|211.0		TGTGCAAAAGAAGTATACAATGCTGCCTTTGATTACTGG	58	CAKEVYNAAFDYW	:::::::::0:0:13:::::15:1:39:::
8	8.0	0.01652892561983471	TGTGCAAGAGGACTATACTACTTTGACTACTGG	[[[[[[[[[[[[[[[[[[[[[[[[[[[[[[[[[	IGHV9-1*01(1506)		IGHJ1-M*01(475.5)	IGHM*01(350)	276|286|309|0|10||100.0		22|40|71|15|33||180.0		TGTGCAAGAGGACTATACTACTTTGACTACTGG	58	CARGLYYFDYW	:::::::::0:-3:10:::::15:-2:33:::
9	6.0	0.012396694214876033	TGTGCAAGAGAGAATAATAACTGGGCGTTCGACTACTGG	[[[[[[[[[[[[[[[[[[[[[[[[[[[[[[[[[[[[[[[	IGHV9-1*01(2861)		IGHJ5-M*01(540)	IGHM*01(345.3)	276|289|309|0|13||130.0		19|42|73|16|39||230.0		TGTGCAAGAGAGAATAATAACTGGGCGTTCGACTACTGG	58	CARENNNWAFDYW	:::::::::0:0:13:::::16:1:39:::
10	6.0	0.012396694214876033	TGTGCAAAACAGGATAACAACAATGCTTTTGACTACTGG	[[[[[[[[[[[[[[[[[[[[[[[[[[[[[[[[[[[[[[[	IGHV4-2*01(2067.3)	IGHD1-M*01(30),IGHD2-M*01(30)	IGHJ4-M*01(510)	IGHM*01(347.7)	282|293|315|0|11||110.0	11|17|33|13|19||30.0;16|22|36|13|19||30.0	20|40|71|19|39||200.0		TGTGCAAAACAGGATAACAACAATGCTTTTGACTACTGG	58	CAKQDNNNAFDYW	:::::::::0:-2:11:13:0:-5:19:19:0:39:::
11	5.0	0.010330578512396695	TGTGCAAAACAAGTTTACAATGCTTTTGACTACTGG	[[[[[[[[[[[[[[[[[[[[[[[[[[[[[[[[[[[[	IGHV4-2*01(938.8)		IGHJ4-M*01(520)	IGHM*01(350)	282|298|315|0|16|SC295T|131.0		20|40|71|16|36||210.0		TGTGCAAAACAAGTTTACAATGCTTTTGACTACTGG	58	CAKQVYNAFDYW	:::::::::0:3:16:::::16:0:36:::
12	4.0	0.008264462809917356	TGTGCAAGAAAGTATAACAGTGCTTTTGACTACTGG	[[[[[[[[[[[[[[[[[[[[[[[[[[[[[[[[[[[[	IGHV4-7*01(1773.5)	IGHD2-M*01(25)	IGHJ4-M*01(481)	IGHM*01(350)	285|296|318|0|11||110.0	14|19|36|11|16||25.0	20|40|71|16|36|SA23G|171.0		TGTGCAAGAAAGTATAACAGTGCTTTTGACTACTGG	58	CARKYNSAFDYW	:::::::::0:-2:11:11:-2:-5:16:16:0:36:::
13	3.0	0.006198347107438017	TGTGCTCGAGCACCCTATAACAACTACGGTGCCTTTGACTACTGG	[[[[[[[[[[[[[[[[[[[[[[[[[[[[[[[[[[[[[[[[[[[[[	IGHV2-1*01(1582.7)	IGHD1-M*01(45)	IGHJ2-M*01(520)	IGHM*01(350)	297|311|335|0|14||140.0	10|19|33|15|24||45.0	19|40|71|24|45||210.0		TGTGCTCGAGCACCCTATAACAACTACGGTGCCTTTGACTACTGG	58	CARAPYNNYGAFDYW	:::::::::0:-4:14:15:1:-3:24:24:1:45:::
14	3.0	0.006198347107438017	TGTGCAACATACACTATGGAGTACTTTGACTACTGG	[[[[[[[[[[[[[[[[[[[[[[[[[[[[[[[[[[[[	IGHV9-3*01(2890.3)	IGHD3-M*01(30)	IGHJ1-M*01(460)	IGHM*01(336)	276|290|313|0|14||140.0	12|18|33|15|21||30.0	25|40|71|21|36||150.0		TGTGCAACATACACTATGGAGTACTTTGACTACTGG	58	CATYTMEYFDYW	:::::::::0:-3:14:15:-1:-4:21:21:-5:36:::
15	3.0	0.006198347107438017	TGTGCAAAACAACAACTACTCGGTGCCTTTGACTACTGG	[[[[[[[[[[[[[[[[[[[[[[[[[[[[[[[[[[[[[[[	IGHV4-2*01(2563.7)	IGHD1-M*01(35),IGHD5-M*01(30)	IGHJ2-M*01(500)	IGHM*01(348.3)	282|294|315|0|12||120.0	15|22|33|12|19||35.0;13|19|33|13|19||30.0	21|40|71|20|39||190.0		TGTGCAAAACAACAACTACTCGGTGCCTTTGACTACTGG	58	CAKQQLLGAFDYW	:::::::::0:-1:12:12:-4:0:19:20:-1:39:::
16	3.0	0.006198347107438017	TGCGCCAGAGAGTACATCAATGCTGCCTTTGATTACTGG	[[[[[[[[[[[[[[[[[[[[[[[[[[[[[[[[[[[[[[[	IGHV5-5-1*01(2464)		IGHJ3-M*01(501)	IGHM*01(350)	288|303|321|0|15||150.0		21|43|74|17|39|SC36T|191.0		TGCGCCAGAGAGTACATCAATGCTGCCTTTGATTACTGG	58	CAREYINAAFDYW	:::::::::0:2:15:::::17:-1:39:::
17	3.0	0.006198347107438017	TGCGCCAGAGAGCCTAACAACTACGGTGCCTTTGACTACTGG	[[[[[[[[[[[[[[[[[[[[[[[[[[[[[[[[[[[[[[[[[[	IGHV5-5-2*01(1387)	IGHD1-M*01(35)	IGHJ2-M*01(520)	IGHM*01(321.7)	288|300|321|0|12||120.0	12|19|33|14|21||35.0	19|40|71|21|42||210.0		TGCGCCAGAGAGCCTAACAACTACGGTGCCTTTGACTACTGG	58	CAREPNNYGAFDYW	:::::::::0:-1:12:14:-1:-3:21:21:1:42:::
18	2.0	0.004132231404958678	TGTGCCAGACGTAACAACTACGGTGCCTTTGACTACTGG	[[[[[[[[[[[[[[[[[[[[[[[[[[[[[[[[[[[[[[[	IGHV5-1-1*01(2905.5)	IGHD1-M*01(25)	IGHJ2-M*01(520)	IGHM*01(350)	279|292|312|0|13||130.0	14|19|33|13|18||25.0	19|40|71|18|39||210.0		TGTGCCAGACGTAACAACTACGGTGCCTTTGACTACTGG	58	CARRNNYGAFDYW	:::::::::0:0:13:13:-3:-3:18:18:1:39:::
19	2.0	0.004132231404958678	TGTGCCAGACGAGGGAACTGGGCGTTCGACTACTGG	[[[[[[[[[[[[[[[[[[[[[[[[[[[[[[[[[[[[	IGHV5-1-3*01(2842)		IGHJ5-M*01(520)	IGHM*01(347.5)	279|290|312|0|11||110.0		21|42|73|15|36||210.0		TGTGCCAGACGAGGGAACTGGGCGTTCGACTACTGG	58	CARRGNWAFDYW	:::::::::0:-2:11:::::15:-1:36:::
20	2.0	0.004132231404958678	TGTGCCAGACGAAGTGGCTGGGCGTTCGACTACTGG	[[[[[[[[[[[[[[[[[[[[[[[[[[[[[[[[[[[[	IGHV5-1-3*01(2885.5)	IGHD3-M*01(25)	IGHJ5-M*01(500)	IGHM*01(350)	279|290|312|0|11||110.0	16|21|33|12|17||25.0	23|42|73|17|36||190.0		TGTGCCAGACGAAGTGGCTGGGCGTTCGACTACTGG	58	CARRSGWAFDYW	:::::::::0:-2:11:12:-5:-1:17:17:-3:36:::
21	2.0	0.004132231404958678	TGTGCCAGACAGTACTACTACTTTGACTACTGG	[[[[[[[[[[[[[[[[[[[[[[[[[[[[[[[[[	IGHV5-1-1*01(2875.5)		IGHJ1-M*01(540)	IGHM*01(350)	279|289|312|0|10||100.0		17|40|71|10|33||230.0		TGTGCCAGACAGTACTACTACTTTGACTACTGG	58	CARQYYYFDYW	:::::::::0:-3:10:::::10:3:33:::
22	2.0	0.004132231404958678	TGTGCAACATACACCGCGGGACAATTCAATGCTTTTGACTACTGG	IIIIIIIIIIIIIIIIIIIIIIIIIIIIIIIIIIIIIIIIIIIII	IGHV9-3*01(2780)	IGHD4-M*01(25)	IGHJ4-M*01(500)	IGHM*01(350)	276|291|313|0|15||150.0	15|20|33|15|20||25.0	21|40|71|26|45||190.0		TGTGCAACATACACCGCGGGACAATTCAATGCTTTTGACTACTGG	40	CATYTAGQFNAFDYW	:::::::::0:-2:15:15:-4:-2:20:26:-1:45:::
23	2.0	0.004132231404958678	TGTGCAAGAGATAGGAGAGACTACTACTTTGACTACTGG	[[[[[[[[[[[[[[[[[[[[[[[[[[[[[[[[[[[[[[[	IGHV9-1*01(2812)		IGHJ1-M*01(510)	IGHM*01(350)	276|287|309|0|11||110.0		20|40|71|19|39||200.0		TGTGCAAGAGATAGGAGAGACTACTACTTTGACTACTGG	58	CARDRRDYYFDYW	:::::::::0:-2:11:::::19:0:39:::
24	2.0	0.004132231404958678	TGTGCAAAACAAGCTTCTAACAATCACGGTGCCTTTGACTACTGG	[[[[[[[[[[[[[[[[[[[[[[[[[[[[[[[[[[[[[[[[[[[[[	IGHV4-2*01(2731.5)	IGHD1-M*01(30)	IGHJ2-M*01(510)	IGHM*01(350)	282|298|315|0|16||160.0	12|18|33|17|23||30.0	20|40|71|25|45||200.0		TGTGCAAAACAAGCTTCTAACAATCACGGTGCCTTTGACTACTGG	58	CAKQASNNHGAFDYW	:::::::::0:3:16:17:-1:-4:23:25:0:45:::
25	2.0	0.004132231404958678	TGTGCAAAACAAGAGCAGTATTACAATGCTTTTGACTACTGG	[[[[[[[[[[[[[[X[[[X[[[[[[[[[[[[[[[[[[[[[[[	IGHV4-2*01(1272.5)	IGHD2-M*01(35)	IGHJ4-M*01(520)	IGHM*01(350)	282|295|315|0|13||130.0	11|18|36|14|21||35.0	19|40|71|21|42||210.0		TGTGCAAAACAAGAGCAGTATTACAATGCTTTTGACTACTGG	55	CAKQEQYYNAFDYW	:::::::::0:0:13:14:1:-6:21:21:1:42:::
26	2.0	0.004132231404958678	TGCGCCAGAGCTCAATACGGTGCCTTTGACTACTGG	[[[[[[[[[[[[[[[[[[[[[[[[[[[[[[[[[[[[	IGHV5-5-1*01(1066)		IGHJ2-M*01(520)	IGHM*01(343)	288|298|321|0|10||100.0		19|40|71|15|36||210.0		TGCGCCAGAGCTCAATACGGTGCCTTTGACTACTGG	58	CARAQYGAFDYW	:::::::::0:-3:10:::::15:1:36:::
27	2.0	0.004132231404958678	TGCGCCAGAGGTATAACAGGAAACTGGGCGTTCGACTACTGG	[[[[[[[[[[[[[[[[[[[[[[[[[[[[[[[[[[[[[[[[[[	IGHV5-5-2*01(1655.5)	IGHD2-M*01(45)	IGHJ5-M*01(520)	IGHM*01(350)	288|298|321|0|10||100.0	14|23|36|10|19||45.0	21|42|73|21|42||210.0		TGCGCCAGAGGTATAACAGGAAACTGGGCGTTCGACTACTGG	58	CARGITGNWAFDYW	:::::::::0:-3:10:10:-2:-1:19:21:-1:42:::
28	2.0	0.004132231404958678	TGCGCCAGAGAGTCGTACGGTGCCTTTGACTACTGG	[[[[[[[[[[[[[[[[[[[[[[[[[[[[[[[[[[[[	IGHV5-5-1*01(2202)		IGHJ2-M*01(540)	IGHM*01(350)	288|301|321|0|13||130.0		17|40|71|13|36||230.0		TGCGCCAGAGAGTCGTACGGTGCCTTTGACTACTGG	58	CARESYGAFDYW	:::::::::0:0:13:::::13:3:36:::
29	2.0	0.004132231404958678	TGCGCCAGAGAGTACTACGGTGCCTTTGACTACTGG	[[[[[[[[[[[[[[[[[[[[[[[[[[[[[[[[[[[[	IGHV5-5-1*01(2251)		IGHJ2-M*01(520)	IGHM*01(350)	288|304|321|0|16||160.0		20|40|71|16|36||210.0		TGCGCCAGAGAGTACTACGGTGCCTTTGACTACTGG	58	CAREYYGAFDYW	:::::::::0:3:16:::::16:0:36:::
30	1.0	0.002066115702479339	TGTGTTCGCAATGCATGGAGTGGCTACTACTTTGACTACTGG	IIIIIIIIIIII777777777II7777I777777III777II	IGHV8-3*01(2970)	IGHD3-M*01(55)	IGHJ1-M*01(500)	IGHM*01(350)	285|297|318|0|12||120.0	10|21|33|12|23||55.0	21|40|71|23|42||190.0		TGTGTTCGCAATGCATGGAGTGGCTACTACTTTGACTACTGG	22	CVRNAWSGYYFDYW	:::::::::0:-1:12:12:1:-1:23:23:-1:42:::
31	1.0	0.002066115702479339	TGTGTTCGCAATAACTACGATGCTTTTGACTACTGG	IIIIIIIIIIIIIIIIIIIIIIIIIIIIIIIIIIII	IGHV8-3*01(489)		IGHJ4-M*01(491)	IGHM*01(350)	285|298|318|0|13||130.0		19|40|71|15|36|SA22G|181.0		TGTGTTCGCAATAACTACGATGCTTTTGACTACTGG	40	CVRNNYDAFDYW	:::::::::0:0:13:::::15:1:36:::
32	1.0	0.002066115702479339	TGTGTTCGCAACTACGACGGTGCCTTTGACTACTGG	IIIIIIIIIIIIIIIIIIIIIIIIIIIIIIIIIIII	IGHV8-3*01(790)	IGHD1-M*01(25),IGHD5-M*01(25)	IGHJ2-M*01(510)	IGHM*01(350)	285|296|318|0|11||110.0	18|23|33|11|16||25.0;15|20|33|11|16||25.0	20|40|71|16|36||200.0		TGTGTTCGCAACTACGACGGTGCCTTTGACTACTGG	40	CVRNYDGAFDYW	:::::::::0:-2:11:11:-7:1:16:16:0:36:::
33	1.0	0.002066115702479339	TGTGCTCGCTATAGCTACTACTACTTTGACTACTGG	IIIIIIIIIIIIIIIIIIIIIIIIIIIIIIIIIIII	IGHV8-2*01(3010)		IGHJ1-M*01(520)	IGHM*01(350)	288|301|321|0|13||130.0		19|40|71|15|36||210.0		TGTGCTCGCTATAGCTACTACTACTTTGACTACTGG	40	CARYSYYYFDYW	:::::::::0:0:13:::::15:1:36:::
34	1.0	0.002066115702479339	TGTGCTCGCTATAATTACGGTGCCTTTGACTACTGG	IIIIIIIIIIIIIIIIIIIIIIIIIIIIIIIIIIII	IGHV8-2*01(2981)		IGHJ2-M*01(520)	IGHM*01(350)	288|301|321|0|13||130.0		19|40|71|15|36||210.0		TGTGCTCGCTATAATTACGGTGCCTTTGACTACTGG	40	CARYNYGAFDYW	:::::::::0:0:13:::::15:1:36:::
35	1.0	0.002066115702479339	TGTGCTCGCTATAACAATGCTTTTGACTACTGG	IIIIIIIIIIIIIIIIIIIIIIIIIIIIIIIII	IGHV8-2*01(2952)		IGHJ4-M*01(510)	IGHM*01(350)	288|301|321|0|13||130.0		20|40|71|13|33||200.0		TGTGCTCGCTATAACAATGCTTTTGACTACTGG	40	CARYNNAFDYW	:::::::::0:0:13:::::13:0:33:::
36	1.0	0.002066115702479339	TGTGCTCGCCATGGAGTGGCTGGCTTTGACTACTGG	IIIIIIIIIIIIIIIIIIIIIIIIIIIIIIIIIIII	IGHV8-2*01(2293)	IGHD3-M*01(40)	IGHJ1-M*01(440)	IGHM*01(350)	288|300|321|0|12|ST297C|91.0	14|22|33|12|20||40.0	27|40|71|23|36||130.0		TGTGCTCGCCATGGAGTGGCTGGCTTTGACTACTGG	40	CARHGVAGFDYW	:::::::::0:-1:12:12:-3:0:20:23:-7:36:::
37	1.0	0.002066115702479339	TGTGCTCGCGGTAACAACTATGCTTTTGACTACTGG	IIIIIIIIIIIIIIIIIIIIIIIIIIIIIIIIIIII	IGHV8-4*01(2853)	IGHD1-M*01(25),IGHD2-M*01(25)	IGHJ4-M*01(481)	IGHM*01(308)	285|294|318|0|9||90.0	12|17|33|11|16||25.0;17|22|36|11|16||25.0	20|40|71|16|36|SA22T|171.0		TGTGCTCGCGGTAACAACTATGCTTTTGACTACTGG	40	CARGNNYAFDYW	:::::::::0:-4:9:11:-1:-5:16:16:0:36:::
38	1.0	0.002066115702479339	TGTGCTCGCAGGGTATGGAGTAACAATGCTTTTGACTACTGG	IIIIIIIIIIIIIIIIIIIIIIIIIIIIIIIIIIIIIIIIII	IGHV8-4*01(2950)	IGHD3-M*01(35)	IGHJ4-M*01(510)	IGHM*01(350)	285|295|318|0|10||100.0	12|19|33|14|21||35.0	20|40|71|22|42||200.0		TGTGCTCGCAGGGTATGGAGTAACAATGCTTTTGACTACTGG	40	CARRVWSNNAFDYW	:::::::::0:-3:10:14:-1:-3:21:22:0:42:::
39	1.0	0.002066115702479339	TGTGCTCGCAACAACTACCATGCTTTTGACTACTGG	IIIIIIIIIIIIIIIIIIIIIIIIIIIIIIIIIIII	IGHV8-4*01(1741)		IGHJ4-M*01(491)	IGHM*01(350)	285|296|318|0|11||110.0		19|40|71|15|36|SA22C|181.0		TGTGCTCGCAACAACTACCATGCTTTTGACTACTGG	40	CARNNYHAFDYW	:::::::::0:-2:11:::::15:1:36:::
40	1.0	0.002066115702479339	TGTGCTCGGGTAAACTATGCTTTTGACTACTGG	IIIIIIIIIIIIIIIIIIIIIIIIIIIIIIIII	IGHV2-2*01(1675)		IGHJ4-M*01(481)	IGHM*01(293)	285|293|318|0|8||80.0		20|40|71|13|33|SA22T|171.0		TGTGCTCGGGTAAACTATGCTTTTGACTACTGG	40	CARVNYAFDYW	:::::::::0:-5:8:::::13:0:33:::
41	1.0	0.002066115702479339	TGTGCTCGGGAGTACGGAGCGTACTACTTTGACTACTGG	IIIIIIIIIIIIIIIIIIIIIIIIIIIIIIIIIIIIIII	IGHV2-2*01(1776)		IGHJ1-M*01(490)	IGHM*01(336)	285|300|318|0|15|SA293G|121.0		22|40|71|21|39||180.0		TGTGCTCGGGAGTACGGAGCGTACTACTTTGACTACTGG	40	CAREYGAYYFDYW	:::::::::0:2:15:::::21:-2:39:::
42	1.0	0.002066115702479339	TGTGCTCGATGGAGTGGCTATGCTTTTGACTACTGG	IIIIIIIIIIIIIIIIIIIIIIIIIIIIIIIIIIII	IGHV8-2*01(824)	IGHD3-M*01(50)	IGHJ4-M*01(480)	IGHM*01(350)	288|296|321|0|8||80.0	12|22|33|8|18||50.0	23|40|71|19|36||170.0		TGTGCTCGATGGAGTGGCTATGCTTTTGACTACTGG	40	CARWSGYAFDYW	:::::::::0:-5:8:8:-1:0:18:19:-3:36:::
43	1.0	0.002066115702479339	TGTGCTCGAGTGTATAAATACTACTTTGACTACTGG	IIIIIIIIIIIIIIIIIIIIIIIIIIIIIIIIIIII	IGHV8-4*01(2814)	IGHD2-M*01(30)	IGHJ1-M*01(490)	IGHM*01(350)	285|293|318|0|8||80.0	14|20|36|11|17||30.0	22|40|71|18|36||180.0		TGTGCTCGAGTGTATAAATACTACTTTGACTACTGG	40	CARVYKYYFDYW	:::::::::0:-5:8:11:-2:-4:17:18:-2:36:::
44	1.0	0.002066115702479339	TGTGCTCGAGCACCGCAGTATAACGATGCTTTTGACTACTGG	IIIIIIIIIIIIII;;I;;I;III;I;I;I;;;;;;;III;;	IGHV2-1*01(3110)	IGHD2-M*01(40)	IGHJ4-M*01(481)	IGHM*01(321)	297|311|335|0|14||140.0	11|19|36|14|22||40.0	20|40|71|22|42|SA22G|171.0		TGTGCTCGAGCACCGCAGTATAACGATGCTTTTGACTACTGG	26	CARAPQYNDAFDYW	:::::::::0:-4:14:14:1:-5:22:22:0:42:::
45	1.0	0.002066115702479339	TGTGCTCGAGCACCAGGACGCATTTTTGCTTTTGACTACTGG	IIIIIIIIIIIIIIIIIIIIIIIIIIIIIIIIIIIIIIIIII	IGHV2-1*01(452)		IGHJ4-M*01(470)	IGHM*01(350)	297|315|335|0|18||180.0		24|40|71|26|42||160.0		TGTGCTCGAGCACCAGGACGCATTTTTGCTTTTGACTACTGG	40	CARAPGRIFAFDYW	:::::::::0:0:18:::::26:-4:42:::
46	1.0	0.002066115702479339	TGTGCTCGAGCACCAGGAGTGGCCTTTGACTACTGG	IIIIIIIIIIIIIIIIIIIIIIIIIIIIIIIIIIII	IGHV2-1*01(3150)		IGHJ2-M*01(460)	IGHM*01(350)	297|315|335|0|18||180.0		25|40|71|21|36||150.0		TGTGCTCGAGCACCAGGAGTGGCCTTTGACTACTGG	40	CARAPGVAFDYW	:::::::::0:0:18:::::21:-5:36:::
47	1.0	0.002066115702479339	TGTGCTCGAGCACCAGATAATGCTTTTGACTACTGG	IIIIIIIIIIIIIIIIIIIIIIIIIIIIIIIIIIII	IGHV2-1*01(247)		IGHJ4-M*01(490)	IGHM*01(350)	297|313|335|0|16||160.0		22|40|71|18|36||180.0		TGTGCTCGAGCACCAGATAATGCTTTTGACTACTGG	40	CARAPDNAFDYW	:::::::::0:-2:16:::::18:-2:36:::
48	1.0	0.002066115702479339	TGTGCTCGAGAGTACAGTATAGACGGTGCCTTTGACTACTGG	I<I<IIIIIIIIIIIIIIIIIIIIIIIIIIIIIIIIIIIIII	IGHV2-2*01(2881)	IGHD2-M*01(30)	IGHJ2-M*01(510)	IGHM*01(350)	285|300|318|0|15||150.0	13|19|36|15|21||30.0	20|40|71|22|42||200.0		TGTGCTCGAGAGTACAGTATAGACGGTGCCTTTGACTACTGG	27	CAREYSIDGAFDYW	:::::::::0:2:15:15:-1:-5:21:22:0:42:::
49	1.0	0.002066115702479339	TGTGCTCGAGAGGACTACGGTGCCTTTGACTACTGG	IIIIIIIIIIIIIIIIIIIIIIIIIIIIIIIIIIII	IGHV2-2*01(1972)		IGHJ2-M*01(520)	IGHM*01(350)	285|301|318|0|16|ST297G|131.0		20|40|71|16|36||210.0		TGTGCTCGAGAGGACTACGGTGCCTTTGACTACTGG	40	CAREDYGAFDYW	:::::::::0:3:16:::::16:0:36:::
50	1.0	0.002066115702479339	TGTGCTAGAAGGGCAGACAACTACGACGGTGCCTTTGACTACTGG	IIIIIIIIIIIII;IIIIIIIIIIIIIIIIIIIIIIIIIIIIIII	IGHV11-1*02(2990)	IGHD1-M*01(45)	IGHJ2-M*01(510)	IGHM*01(350)	288|299|322|0|11||110.0	14|23|33|16|25||45.0	20|40|71|25|45||200.0		TGTGCTAGAAGGGCAGACAACTACGACGGTGCCTTTGACTACTGG	26	CARRADNYDGAFDYW	:::::::::0:-3:11:16:-3:1:25:25:0:45:::
51	1.0	0.002066115702479339	TGTGCCCGAGAAATATCGTACGGTGCCTTTGACTACTGG	IIIIIIIIIIIIIIIIIIIIIIIIIIIIIIIIIIIIIII	IGHV11-1*01(2872)		IGHJ2-M*01(540)	IGHM*01(350)	288|293|322|0|5||50.0		17|40|71|16|39||230.0		TGTGCCCGAGAAATATCGTACGGTGCCTTTGACTACTGG	40	CAREISYGAFDYW	:::::::::0:-9:5:::::16:3:39:::
52	1.0	0.002066115702479339	TGTGCCATATGGAGTGGCGACTACTTTGACTACTGG	IIIIIIIIIIIIIIIIIIIIIIIIIIIIIIIIIIII	IGHV6-1*01(2920)	IGHD3-M*01(55)	IGHJ1-M*01(480)	IGHM*01(350)	285|292|318|0|7||70.0	12|23|33|8|19||55.0	23|40|71|19|36||170.0		TGTGCCATATGGAGTGGCGACTACTTTGACTACTGG	40	CAIWSGDYFDYW	:::::::::0:-6:7:8:-1:1:19:19:-3:36:::
53	1.0	0.002066115702479339	TGTGCCACATGGAGTGGCGATGCTGCCTTTGACTACTGG	IIIIIIIIIIIIIIIIIIIIIIIIIIIIIIIIIIIIIII	IGHV6-2*01(749)	IGHD3-M*01(60)	IGHJ3-M*01(510)	IGHM*01(350)	282|289|315|0|7||70.0	11|23|33|7|19||60.0	23|43|74|19|39||200.0		TGTGCCACATGGAGTGGCGATGCTGCCTTTGACTACTGG	40	CATWSGDAAFDYW	:::::::::0:-6:7:7:0:1:19:19:-3:39:::
54	1.0	0.002066115702479339	TGTGCCACATATAACAACTACTGGGCGTTCGACTACTGG	IIIIIIIIIIIIIIIIIIIIIIIIIIIIIIIIIIIIIII	IGHV6-1*01(504)	IGHD1-M*01(50)	IGHJ5-M*01(510)	IGHM*01(350)	285|294|318|0|9||90.0	10|20|33|9|19||50.0	22|42|73|19|39||200.0		TGTGCCACATATAACAACTACTGGGCGTTCGACTACTGG	40	CATYNNYWAFDYW	:::::::::0:-4:9:9:1:-2:19:19:-2:39:::
55	1.0	0.002066115702479339	TGTGCCACAGAGGCCCAACTACTTGCCTTTGACTACTGG	IIIIIIIIIIIIIIIIIIIIIIIIIIIIIIIIIIIIIII	IGHV6-1*01(3000)	IGHD1-M*01(35),IGHD5-M*01(30)	IGHJ2-M*01(470)	IGHM*01(336)	285|300|318|0|15||150.0	15|22|33|15|22||35.0;13|19|33|16|22||30.0	24|40|71|23|39||160.0		TGTGCCACAGAGGCCCAACTACTTGCCTTTGACTACTGG	40	CATEAQLLAFDYW	:::::::::0:2:15:15:-4:0:22:23:-4:39:::
56	1.0	0.002066115702479339	TGTGCCACAGAGACAACTTACAATGCTTTTGACTACTGG	IIIIIIIIIIIIIIIIIIIIIIIIIIIIIIIIIIIIIII	IGHV6-2*01(770)	IGHD1-M*01(30)	IGHJ4-M*01(520)	IGHM*01(350)	282|294|315|0|12|SG289C|91.0	14|20|33|12|18||30.0	19|40|71|18|39||210.0		TGTGCCACAGAGACAACTTACAATGCTTTTGACTACTGG	40	CATETTYNAFDYW	:::::::::0:-1:12:12:-3:-2:18:18:1:39:::
57	1.0	0.002066115702479339	TGTGCCAGTGGAGGTGCCTTTGACTACTGG	IIIIIIIIIIIIIIIIIIIIIIIIIIIIII	IGHV5-1-3*01(2870)		IGHJ2-M*01(490)	IGHM*01(350)	279|287|312|0|8||80.0		22|40|71|12|30||180.0		TGTGCCAGTGGAGGTGCCTTTGACTACTGG	40	CASGGAFDYW	:::::::::0:-5:8:::::12:-2:30:::
58	1.0	0.002066115702479339	TGTGCCAGTAACAAATACGGTGCCTTTGACTACTGG	IIIIIIIIIIIIIIIIIIIIIIIIIIIIIIIIIIII	IGHV5-1-1*01(2841)	IGHD1-M*01(30)	IGHJ2-M*01(520)	IGHM*01(350)	279|287|312|0|8||80.0	12|18|33|8|14||30.0	19|40|71|15|36||210.0		TGTGCCAGTAACAAATACGGTGCCTTTGACTACTGG	40	CASNKYGAFDYW	:::::::::0:-5:8:8:-1:-4:14:15:1:36:::
59	1.0	0.002066115702479339	TGTGCCAGGCAGTATAACAATGCTTTTGACTACTGG	IIIIIIIIIIIIIIIIIIIIIIIIIIIIIIIIIIII	IGHV5-1-3*01(2870)	IGHD2-M*01(40)	IGHJ4-M*01(510)	IGHM*01(350)	279|287|312|0|8||80.0	11|19|36|8|16||40.0	20|40|71|16|36||200.0		TGTGCCAGGCAGTATAACAATGCTTTTGACTACTGG	40	CARQYNNAFDYW	:::::::::0:-5:8:8:1:-5:16:16:0:36:::
60	1.0	0.002066115702479339	TGTGCCAGGGCATGGAGTGGCTGGGCGTTCGACTACTGG	IIIIIIIIIIIIIIIIIIIIIIIIIIIIIIIIIIIIIII	IGHV5-1-3*01(2870)	IGHD3-M*01(55)	IGHJ5-M*01(500)	IGHM*01(350)	279|287|312|0|8||80.0	10|21|33|9|20||55.0	23|42|73|20|39||190.0		TGTGCCAGGGCATGGAGTGGCTGGGCGTTCGACTACTGG	40	CARAWSGWAFDYW	:::::::::0:-5:8:9:1:-1:20:20:-3:39:::
61	1.0	0.002066115702479339	TGTGCCAGGGAGTGGCGCGGTGCCTTTGACTACTGG	IIIIIIIIIIIIIIIIIIIIIIIIIIIIIIIIIIII	IGHV5-1-3*01(2841)	IGHD3-M*01(45)	IGHJ2-M*01(500)	IGHM*01(350)	279|287|312|0|8||80.0	14|23|33|8|17||45.0	21|40|71|17|36||190.0		TGTGCCAGGGAGTGGCGCGGTGCCTTTGACTACTGG	40	CAREWRGAFDYW	:::::::::0:-5:8:8:-3:1:17:17:-1:36:::
62	1.0	0.002066115702479339	TGTGCCAGGAGTATAACAGATGCTTTTGACTACTGG	IIIIIIIIIIIIIIIIIIIIIIIIIIIIIIIIIIII	IGHV5-1-2*01(2841)	IGHD2-M*01(50)	IGHJ4-M*01(480)	IGHM*01(350)	279|287|312|0|8||80.0	13|23|36|9|19||50.0	23|40|71|19|36||170.0		TGTGCCAGGAGTATAACAGATGCTTTTGACTACTGG	40	CARSITDAFDYW	:::::::::0:-5:8:9:-1:-1:19:19:-3:36:::
63	1.0	0.002066115702479339	TGTGCCAGACCGTCCGACGGTGCCTTTGACTACTGG	IIIIIIIIIIIIIIIIIIIIIIIIIIIIIIIIIIII	IGHV5-1-1*01(2271)		IGHJ2-M*01(510)	IGHM*01(350)	279|289|312|0|10||100.0		20|40|71|16|36||200.0		TGTGCCAGACCGTCCGACGGTGCCTTTGACTACTGG	40	CARPSDGAFDYW	:::::::::0:-3:10:::::16:0:36:::
64	1.0	0.002066115702479339	TGTGCCAGACCGCAGTACAATGCTTTTGACTACTGG	IIIIIIIIIIIIIIIIIIIIIIIIIIIIIIIIIIII	IGHV7-1*01(2830)		IGHJ4-M*01(530)	IGHM*01(345)	273|283|306|0|10||100.0		18|40|71|14|36||220.0		TGTGCCAGACCGCAGTACAATGCTTTTGACTACTGG	40	CARPQYNAFDYW	:::::::::0:-3:10:::::14:2:36:::
65	1.0	0.002066115702479339	TGTGCCAGACGTAACTACGACGGCTACTTTGACTACTGG	IIIIIIIIIII7I777I7777II777IIIIIIIIIIIII	IGHV5-1-1*01(2920)	IGHD5-M*01(45)	IGHJ1-M*01(470)	IGHM*01(350)	279|292|312|0|13||130.0	14|23|33|13|22||45.0	24|40|71|23|39||160.0		TGTGCCAGACGTAACTACGACGGCTACTTTGACTACTGG	22	CARRNYDGYFDYW	:::::::::0:0:13:13:-3:1:22:23:-4:39:::
66	1.0	0.002066115702479339	TGTGCCAGACGTAACTACGACAATGCTTTTGACTACTGG	IIIIIIIIIIIIIIIIIIIIIIIIIIIIIIIIIIIIIII	IGHV5-1-1*01(2920)	IGHD1-M*01(30),IGHD5-M*01(30)	IGHJ4-M*01(510)	IGHM*01(350)	279|292|312|0|13||130.0	17|23|33|13|19||30.0;14|20|33|13|19||30.0	20|40|71|19|39||200.0		TGTGCCAGACGTAACTACGACAATGCTTTTGACTACTGG	40	CARRNYDNAFDYW	:::::::::0:0:13:13:-6:1:19:19:0:39:::
67	1.0	0.002066115702479339	TGTGCCAGACGCATAACAAATTACGGTGCCTTTGACTACTGG	IIIIIIIIIIIIIIIIIIIIIIIIIIIIIIIIIIIIIIIIII	IGHV5-1-2*01(2901)	IGHD1-M*01(25)	IGHJ2-M*01(520)	IGHM*01(350)	279|293|312|0|14|SA290C|111.0	13|18|33|14|19||25.0	19|40|71|21|42||210.0		TGTGCCAGACGCATAACAAATTACGGTGCCTTTGACTACTGG	40	CARRITNYGAFDYW	:::::::::0:1:14:14:-2:-4:19:21:1:42:::
68	1.0	0.002066115702479339	TGTGCCAGACGGCACTACGACGGTGCCTTTGACTACTGG	IIIIIIIIIIIIIIIIIIIIIIIIIIIIIIIIIIIIIII	IGHV5-1-3*01(2900)	IGHD1-M*01(30),IGHD5-M*01(30)	IGHJ2-M*01(510)	IGHM*01(350)	279|290|312|0|11||110.0	17|23|33|13|19||30.0;14|20|33|13|19||30.0	20|40|71|19|39||200.0		TGTGCCAGACGGCACTACGACGGTGCCTTTGACTACTGG	40	CARRHYDGAFDYW	:::::::::0:-2:11:13:-6:1:19:19:0:39:::
69	1.0	0.002066115702479339	TGTGCCAGACGGAGTGGCGGTGCCTTTGACTACTGG	IIIIIIIIIIIIIIIIIIIIIIIIIIIIIIIIIIII	IGHV5-1-2*01(2871)	IGHD3-M*01(30)	IGHJ2-M*01(500)	IGHM*01(350)	279|290|312|0|11||110.0	15|21|33|11|17||30.0	21|40|71|17|36||190.0		TGTGCCAGACGGAGTGGCGGTGCCTTTGACTACTGG	40	CARRSGGAFDYW	:::::::::0:-2:11:11:-4:-1:17:17:-1:36:::
70	1.0	0.002066115702479339	TGTGCCAGACGGAACAACGGTGCCTTTGACTACTGG	IIIIIIIIIIIIIIIIIIIIIIIIIIIIIIIIIIII	IGHV5-1-3*01(2871)		IGHJ2-M*01(510)	IGHM*01(350)	279|290|312|0|11||110.0		20|40|71|16|36||200.0		TGTGCCAGACGGAACAACGGTGCCTTTGACTACTGG	40	CARRNNGAFDYW	:::::::::0:-2:11:::::16:0:36:::
71	1.0	0.002066115702479339	TGTGCCAGACGAGACGACGGTGCCTTTGACTACTGG	IIIIIIIIIIIIIIIIIIIIIIIIIIIIIIIIIIII	IGHV5-1-3*01(2900)		IGHJ2-M*01(510)	IGHM*01(350)	279|290|312|0|11||110.0		20|40|71|16|36||200.0		TGTGCCAGACGAGACGACGGTGCCTTTGACTACTGG	40	CARRDDGAFDYW	:::::::::0:-2:11:::::16:0:36:::
72	1.0	0.002066115702479339	TGTGCCAGACACACTACTGCTGCCTTTGACTACTGG	IIIIIIIIIIIIIIIIIIIIIIIIIIIIIIIIIIII	IGHV5-1-3*01(2861)	IGHD1-M*01(25),IGHD5-M*01(25)	IGHJ3-M*01(500)	IGHM*01(350)	279|289|312|0|10||100.0	17|22|33|12|17||25.0;14|19|33|12|17||25.0	24|43|74|17|36||190.0		TGTGCCAGACACACTACTGCTGCCTTTGACTACTGG	40	CARHTTAAFDYW	:::::::::0:-3:10:12:-6:0:17:17:-4:36:::
73	1.0	0.002066115702479339	TGTGCCAGACACAATGCTGCCTTTGACTACTGG	IIIIIIIIIIIIIIIIIIIIIIIIIIIIIIIII	IGHV5-1-1*01(2890)		IGHJ3-M*01(540)	IGHM*01(350)	279|289|312|0|10||100.0		20|43|74|10|33||230.0		TGTGCCAGACACAATGCTGCCTTTGACTACTGG	40	CARHNAAFDYW	:::::::::0:-3:10:::::10:0:33:::
74	1.0	0.002066115702479339	TGTGCCAGACAGAATAACAGAGCTTTTGACTACTGG	IIIIIIIIIIIIIIIIIIIIIIIIIIIIIIIIIIII	IGHV5-1-1*01(2890)	IGHD2-M*01(36)	IGHJ4-M*01(460)	IGHM*01(350)	279|289|312|0|10||100.0	13|23|36|10|20|ST15A|36.0	25|40|71|21|36||150.0		TGTGCCAGACAGAATAACAGAGCTTTTGACTACTGG	40	CARQNNRAFDYW	:::::::::0:-3:10:10:-1:-1:20:21:-5:36:::
75	1.0	0.002066115702479339	TGTGCCAGACAAACTATCAATGCTTTTGACTACTGG	IIIIIIIIIIIIIIIIIIIIIIIIIIIIIIIIIIII	IGHV5-1-3*01(2890)	IGHD1-M*01(25),IGHD2-Z1*01(25),IGHD5-M*01(25)	IGHJ4-M*01(500)	IGHM*01(265)	279|289|312|0|10||100.0	16|21|33|11|16||25.0;16|21|48|12|17||25.0;13|18|33|11|16||25.0	21|40|71|17|36||190.0		TGTGCCAGACAAACTATCAATGCTTTTGACTACTGG	40	CARQTINAFDYW	:::::::::0:-3:10:11:-5:-1:16:17:-1:36:::
76	1.0	0.002066115702479339	TGTGCCAGAGTATACTACGGTGCCTTTGACTACTGG	IIIIIIIIIIIIIIIIIIIIIIIIIIIIIIIIIIII	IGHV5-1-3*01(2880)	IGHD2-M*01(25)	IGHJ2-M*01(520)	IGHM*01(350)	279|288|312|0|9||90.0	5|10|36|10|15||25.0	19|40|71|15|36||210.0		TGTGCCAGAGTATACTACGGTGCCTTTGACTACTGG	40	CARVYYGAFDYW	:::::::::0:-4:9:10:7:-14:15:15:1:36:::
77	1.0	0.002066115702479339	TGTGCCAGAGATAACAACTACTGGGCGTTCGACTACTGG	IIIIIIIIIIIIIIIIIIIIIIIIIIIIIIIIIIIIIII	IGHV5-1-3*01(2880)	IGHD1-M*01(45)	IGHJ5-M*01(510)	IGHM*01(336)	279|288|312|0|9||90.0	11|20|33|10|19||45.0	22|42|73|19|39||200.0		TGTGCCAGAGATAACAACTACTGGGCGTTCGACTACTGG	40	CARDNNYWAFDYW	:::::::::0:-4:9:10:0:-2:19:19:-2:39:::
78	1.0	0.002066115702479339	TGTGCCAAGTATAGCAATGCTGCCTTTGACTACTGG	IIIIIIIIIIIIIIIIIIIIIIIIIIIIIIIIIIII	IGHV6-1*01(726)	IGHD2-M*01(30)	IGHJ3-M*01(530)	IGHM*01(350)	285|292|318|0|7||70.0	13|19|36|7|13||30.0	21|43|74|14|36||220.0		TGTGCCAAGTATAGCAATGCTGCCTTTGACTACTGG	40	CAKYSNAAFDYW	:::::::::0:-6:7:7:-1:-5:13:14:-1:36:::
79	1.0	0.002066115702479339	TGTGCGGGTGATAACAGGGATGCTTTTGACTACTGG	IIIIIIIIIIIIIIIIIIIIIIIIIIIIIIIIIIII	IGHV4-5*01(2061)	IGHD2-M*01(35),IGHD1-M*01(30)	IGHJ4-M*01(480)	IGHM*01(350)	285|295|315|0|10||100.0	16|23|36|10|17||35.0;11|17|33|10|16||30.0	23|40|71|19|36||170.0		TGTGCGGGTGATAACAGGGATGCTTTTGACTACTGG	40	CAGDNRDAFDYW	:::::::::0:0:10:10:-4:-1:17:19:-3:36:::
80	1.0	0.002066115702479339	TGTGCGGGTGAGAACAGCGCTGGTGCTGCCTTTGACTACTGG	IIIIIIIIIIIIIIIIIIIIIIIIIIIIIIIIIIIIIIIIII	IGHV4-5*01(1871)	IGHD2-M*01(50)	IGHJ3-M*01(500)	IGHM*01(350)	285|295|315|0|10||100.0	18|28|36|12|22||50.0	24|43|74|23|42||190.0		TGTGCGGGTGAGAACAGCGCTGGTGCTGCCTTTGACTACTGG	40	CAGENSAGAAFDYW	:::::::::0:0:10:12:-6:4:22:23:-4:42:::
81	1.0	0.002066115702479339	TGTGCACGTTATAACTACTACTTTGACTACTGG	IIIIIIIIIIIIIIIIIIIIIIIIIIIIIIIII	IGHV1S3*01(2101)	IGHD1-M*01(25),IGHD2-M*01(25),IGHD5-M*01(25)	IGHJ1-M*01(510)	IGHM*01(350)	279|287|312|0|8||80.0	7|12|33|8|13||25.0;4|9|36|8|13||25.0;7|12|33|8|13||25.0	20|40|71|13|33||200.0		TGTGCACGTTATAACTACTACTTTGACTACTGG	40	CARYNYYFDYW	:::::::::0:-5:8:8:4:-10:13:13:0:33:::
82	1.0	0.002066115702479339	TGTGCACGGAACTACGATGCTGCCTTTGACTACTGG	IIIIIIIIIIIIIIIIIIIIIIIIIIIIIIIIIIII	IGHV1-2*01(1823)		IGHJ3-M*01(521)	IGHM*01(350)	282|295|315|0|13|SA290GSG291A|82.0		20|43|74|13|36|SA22G|211.0		TGTGCACGGAACTACGATGCTGCCTTTGACTACTGG	40	CARNYDAAFDYW	:::::::::0:0:13:::::13:0:36:::
83	1.0	0.002066115702479339	TGTGCACGGAACAACGGTGCCTTTGACTACTGG	IIIIIIIIIIIIIIIIIIIIIIIIIIIIIIIII	IGHV1-2*01(1661)		IGHJ2-M*01(510)	IGHM*01(350)	282|290|315|0|8||80.0		20|40|71|13|33||200.0		TGTGCACGGAACAACGGTGCCTTTGACTACTGG	40	CARNNGAFDYW	:::::::::0:-5:8:::::13:0:33:::
84	1.0	0.002066115702479339	TGTGCACGAGGCATGGAGTGGCGTGCTTTTGACTACTGG	IIIIIIIIIIIIIIIIIIIIIIIIIIIIIIIIIIIIIII	IGHV1-2*01(1166)	IGHD3-M*01(65)	IGHJ4-M*01(470)	IGHM*01(350)	282|292|315|0|10||100.0	10|23|33|10|23||65.0	24|40|71|23|39||160.0		TGTGCACGAGGCATGGAGTGGCGTGCTTTTGACTACTGG	40	CARGMEWRAFDYW	:::::::::0:-3:10:10:1:1:23:23:-4:39:::
85	1.0	0.002066115702479339	TGTGCACGAGATAACAACTACGGTGCCTTTGACTACTGG	IIIIIIIIIIIIIIIIIIIIIIIIIIIIIIIIIIIIIII	IGHV1-2*01(453)	IGHD1-M*01(35)	IGHJ2-M*01(520)	IGHM*01(350)	282|293|315|0|11||110.0	12|19|33|11|18||35.0	19|40|71|18|39||210.0		TGTGCACGAGATAACAACTACGGTGCCTTTGACTACTGG	40	CARDNNYGAFDYW	:::::::::0:-2:11:11:-1:-3:18:18:1:39:::
86	1.0	0.002066115702479339	TGTGCACGAGACTCGTACGGTGCCTTTGACTACTGG	IIIIIIIIIIIIIIIIIIIIIIIIIIIIIIIIIIII	IGHV1-2*01(2951)		IGHJ2-M*01(540)	IGHM*01(350)	282|297|315|0|15|SA295C|131.0		19|40|71|15|36||230.0		TGTGCACGAGACTCGTACGGTGCCTTTGACTACTGG	40	CARDSYGAFDYW	:::::::::0:2:15:::::15:1:36:::
87	1.0	0.002066115702479339	TGTGCACGAGACTATGCTTTTGACTACTGG	IIIIIIIIIIIIIIIIIIIIIIIIIIIIII	IGHV1-2*01(2960)		IGHJ4-M*01(480)	IGHM*01(350)	282|294|315|0|12||140.0		22|40|71|12|30|SA22T|171.0		TGTGCACGAGACTATGCTTTTGACTACTGG	40	CARDYAFDYW	:::::::::0:-1:12:::::12:-2:30:::
88	1.0	0.002066115702479339	TGTGCACGAGACTATGGAGTGGACGGTGCCTTTGACTACTGG	IIIIIIIIIIIIIIIIIIIIIIIIIIIIIIIIIIIIIIIIII	IGHV1-2*01(2960)	IGHD3-M*01(40)	IGHJ2-M*01(510)	IGHM*01(350)	282|296|315|0|14||140.0	13|21|33|14|22||40.0	20|40|71|22|42||200.0		TGTGCACGAGACTATGGAGTGGACGGTGCCTTTGACTACTGG	40	CARDYGVDGAFDYW	:::::::::0:1:14:14:-2:-1:22:22:0:42:::
89	1.0	0.002066115702479339	TGTGCACGAGACGGTAACGGTGCCTTTGACTACTGG	IIIIIIIIIIIIIIIIIIIIIIIIIIIIIIIIIIII	IGHV1-2*01(2911)		IGHJ2-M*01(510)	IGHM*01(350)	282|294|315|0|12||120.0		20|40|71|16|36||200.0		TGTGCACGAGACGGTAACGGTGCCTTTGACTACTGG	40	CARDGNGAFDYW	:::::::::0:-1:12:::::16:0:36:::
90	1.0	0.002066115702479339	TGTGCACGAGACGATAACAACTACTACTTTGACTACTGG	IIIIIIIIIIIIIIIIIIIIIIIIIIIIIIIIIIIIIII	IGHV1-2*01(2471)	IGHD1-M*01(30),IGHD2-M*01(30)	IGHJ1-M*01(510)	IGHM*01(350)	282|294|315|0|12||120.0	11|17|33|13|19||30.0;16|22|36|13|19||30.0	20|40|71|19|39||200.0		TGTGCACGAGACGATAACAACTACTACTTTGACTACTGG	40	CARDDNNYYFDYW	:::::::::0:-1:12:13:0:-5:19:19:0:39:::
91	1.0	0.002066115702479339	TGTGCACGAGACAACTGGGCGTTCGACTACTGG	IIIIIIIIIIIIIIIIIIIIIIIIIIIIIIIII	IGHV1-2*01(2651)		IGHJ5-M*01(520)	IGHM*01(350)	282|294|315|0|12||120.0		21|42|73|12|33||210.0		TGTGCACGAGACAACTGGGCGTTCGACTACTGG	40	CARDNWAFDYW	:::::::::0:-1:12:::::12:-1:33:::
92	1.0	0.002066115702479339	TGTGCACGAGAGATAACTAGATACTTTGACTACTGG	IIIIIIIIIIIIIIIIIIIIIIIIIIIIIIIIIIII	IGHV1S3*01(2901)	IGHD1-M*01(25),IGHD5-M*01(25)	IGHJ1-M*01(460)	IGHM*01(350)	279|293|312|0|14||140.0	16|21|33|14|19||25.0;13|18|33|14|19||25.0	25|40|71|21|36||150.0		TGTGCACGAGAGATAACTAGATACTTTGACTACTGG	40	CAREITRYFDYW	:::::::::0:1:14:14:-5:-1:19:21:-5:36:::
93	1.0	0.002066115702479339	TGTGCACAACTTAACAACGGTGCCTTTGACTACTGG	IIIIIIIIIIIIIIIIIIIIIIIIIIIIIIIIIIII	IGHV1S4*01(1305)	IGHD1-M*01(25),IGHD2-M*01(25)	IGHJ2-M*01(510)	IGHM*01(350)	276|285|309|0|9||90.0	12|17|33|11|16||25.0;17|22|36|11|16||25.0	20|40|71|16|36||200.0		TGTGCACAACTTAACAACGGTGCCTTTGACTACTGG	40	CAQLNNGAFDYW	:::::::::0:-4:9:11:-1:-5:16:16:0:36:::
94	1.0	0.002066115702479339	TGTGCACAACAGTATAACAGTGCCTTTGACTACTGG	IIIIIIIIIIIIIIIIIIIIIIIIIIIIIIIIIIII	IGHV1S4*01(2851)		IGHJ2-M*01(481)	IGHM*01(336)	276|288|309|0|12|SG285C|91.0		20|40|71|16|36|SG22A|171.0		TGTGCACAACAGTATAACAGTGCCTTTGACTACTGG	40	CAQQYNSAFDYW	:::::::::0:-1:12:::::16:0:36:::
95	1.0	0.002066115702479339	TGTGCAACATACACCACGGAGTGGCGGTACTTTGACTACTGG	IIIIIIIIIIIIIIIIIIIIIIIIIIIIIIIIIIIIIIIIII	IGHV9-3*01(2920)	IGHD3-M*01(45)	IGHJ1-M*01(460)	IGHM*01(350)	276|292|313|0|16||160.0	14|23|33|17|26||45.0	25|40|71|27|42||150.0		TGTGCAACATACACCACGGAGTGGCGGTACTTTGACTACTGG	40	CATYTTEWRYFDYW	:::::::::0:-1:16:17:-3:1:26:27:-5:42:::
96	1.0	0.002066115702479339	TGTGCAACATACACCAGTAAGGCTTTTGACTACTGG	IIIIIIIIIIIIIIIIIIIIIIIIIIIIIIIIIIII	IGHV9-3*01(2901)		IGHJ4-M*01(461)	IGHM*01(350)	276|293|313|0|17||170.0		22|40|71|18|36|ST24G|151.0		TGTGCAACATACACCAGTAAGGCTTTTGACTACTGG	40	CATYTSKAFDYW	:::::::::0:0:17:::::18:-2:36:::
97	1.0	0.002066115702479339	TGTGCAACATACACCAGCGGCTACAATGCTGCCTTTGACTACTGG	IIIIIIIIIIIIIIIIIIIIIIIIIIIIIIIIIIIIIIIIIIIII	IGHV9-3*01(2940)		IGHJ3-M*01(550)	IGHM*01(350)	276|294|313|0|18||180.0		19|43|74|21|45||240.0		TGTGCAACATACACCAGCGGCTACAATGCTGCCTTTGACTACTGG	40	CATYTSGYNAAFDYW	:::::::::0:1:18:::::21:1:45:::
98	1.0	0.002066115702479339	TGTGCAACATACACCAGCGGGTATAACGGTGCCTTTGACTACTGG	IIIIIIIIIIIIIIIIIIIIIIIIIIIIIIIIIIIIIIIIIIIII	IGHV9-3*01(2923)		IGHJ2-M*01(510)	IGHM*01(350)	276|301|313|0|25|ST294GSG298A|192.0		20|40|71|25|45||200.0		TGTGCAACATACACCAGCGGGTATAACGGTGCCTTTGACTACTGG	40	CATYTSGYNGAFDYW	:::::::::0:8:25:::::25:0:45:::
99	1.0	0.002066115702479339	TGTGCAACATACACGCATGGAGTGGCGCGGTACAATGCTTTTGACTACTGG	IIIIIIIIIIIIIIIIIIIIIIIIIIIIIIIIIIIIIIIIIIIIIIIIIII	IGHV9-3*01(2900)	IGHD3-M*01(70)	IGHJ4-M*01(530)	IGHM*01(350)	276|290|313|0|14||140.0	10|24|33|14|28||70.0	18|40|71|29|51||220.0		TGTGCAACATACACGCATGGAGTGGCGCGGTACAATGCTTTTGACTACTGG	40	CATYTHGVARYNAFDYW	:::::::::0:-3:14:14:1:2:28:29:2:51:::
100	1.0	0.002066115702479339	TGTGCAACATACACAACTACTGCTGCCTTTGACTACTGG	IIIIIIIIIIIIIIIIIIIIIIIIIIIIIIIIIIIIIII	IGHV9-3*01(2900)	IGHD1-M*01(30),IGHD5-M*01(30)	IGHJ3-M*01(500)	IGHM*01(350)	276|290|313|0|14||140.0	16|22|33|14|20||30.0;13|19|33|14|20||30.0	24|43|74|20|39||190.0		TGTGCAACATACACAACTACTGCTGCCTTTGACTACTGG	40	CATYTTTAAFDYW	:::::::::0:-3:14:14:-5:0:20:20:-4:39:::
101	1.0	0.002066115702479339	TGTGCAACATACAATTTTGCTGCCTTTGACTACTGG	IIIIIII7I7777777777777777777III777I7	IGHV9-3*01(2890)		IGHJ3-M*01(500)	IGHM*01(350)	276|289|313|0|13||130.0		24|43|74|17|36||190.0		TGTGCAACATACAATTTTGCTGCCTTTGACTACTGG	22	CATYNFAAFDYW	:::::::::0:-4:13:::::17:-4:36:::
102	1.0	0.002066115702479339	TGTGCAACATACAAATGGAGTGGCTACTACTTTGACTACTGG	IIIIIIIIIIIIIIIIIIIIIIIIIIIIIIIIIIIIIIIIII	IGHV9-3*01(2890)	IGHD3-M*01(45)	IGHJ1-M*01(500)	IGHM*01(350)	276|289|313|0|13||130.0	12|21|33|14|23||45.0	21|40|71|23|42||190.0		TGTGCAACATACAAATGGAGTGGCTACTACTTTGACTACTGG	40	CATYKWSGYYFDYW	:::::::::0:-4:13:14:-1:-1:23:23:-1:42:::
103	1.0	0.002066115702479339	TGTGCAAGTATAACAGATGCTGCCTTTGACTACTGG	IIIIIIIIIIIIIIIIIIIIIIIIIIIIIIIIIIII	IGHV14S1*01(1941)	IGHD2-M*01(40),IGHD1-M*01(35)	IGHJ3-M*01(510)	IGHM*01(350)	285|293|316|0|8||80.0	15|23|36|8|16||40.0;10|17|33|8|15||35.0	23|43|74|16|36||200.0		TGTGCAAGTATAACAGATGCTGCCTTTGACTACTGG	40	CASITDAAFDYW	:::::::::0:-3:8:8:-3:-1:16:16:-3:36:::
104	1.0	0.002066115702479339	TGTGCAAGCGGAGTGGACTACTTTGACTACTGG	IIIIIIIIIIIIIIIIIIIIIIIIIIIIIIIII	IGHV4-8*01(1084)	IGHD3-M*01(35)	IGHJ1-M*01(480)	IGHM*01(350)	285|293|318|0|8||80.0	14|21|33|9|16||35.0	23|40|71|16|33||170.0		TGTGCAAGCGGAGTGGACTACTTTGACTACTGG	40	CASGVDYFDYW	:::::::::0:-5:8:9:-3:-1:16:16:-3:33:::
105	1.0	0.002066115702479339	TGTGCAAGGTGGAGTGGCGCGTACTACTACTTTGACTACTGG	IIIIIIIIIIIIIIIIIIIIIIIIIIIIIIIIIIIIIIIIII	IGHV9-1*01(2811)	IGHD3-M*01(55)	IGHJ1-M*01(530)	IGHM*01(350)	276|284|309|0|8||80.0	13|24|33|9|20||55.0	18|40|71|20|42||220.0		TGTGCAAGGTGGAGTGGCGCGTACTACTACTTTGACTACTGG	40	CARWSGAYYYFDYW	:::::::::0:-5:8:9:-2:2:20:20:2:42:::
106	1.0	0.002066115702479339	TGTGCAAGGAACTACGACTACTTTGACTACTGG	IIIIIIIIIIIIIIIIIIIIIIIIIIIIIIIII	IGHV3-2*02(416)		IGHJ1-M*01(491)	IGHM*01(350)	282|290|313|0|8||80.0		19|40|71|12|33|ST22G|181.0		TGTGCAAGGAACTACGACTACTTTGACTACTGG	40	CARNYDYFDYW	:::::::::0:-3:8:::::12:1:33:::
107	1.0	0.002066115702479339	TGTGCAAGGAACAACTACGCTGCCTTTGACTACTGG	IIIIIIIIIIIIIIIIIIIIIIIIIIIIIIIIIIII	IGHV9-1*01(2840)	IGHD1-M*01(30)	IGHJ2-M*01(491)	IGHM*01(279)	276|284|309|0|8||80.0	13|19|33|9|15||30.0	19|40|71|15|36|SG23C|181.0		TGTGCAAGGAACAACTACGCTGCCTTTGACTACTGG	40	CARNNYAAFDYW	:::::::::0:-5:8:9:-2:-3:15:15:1:36:::
108	1.0	0.002066115702479339	TGTGCAAGATGGAGTCTCAATGTTTTTGACTACTGG	IIIIIIIIIIIIIIIIIIIIIIIIIIIIIIIIIIII	IGHV9-1*01(2241)	IGHD3-M*01(30)	IGHJ4-M*01(471)	IGHM*01(350)	276|285|309|0|9||90.0	13|19|33|9|15||30.0	21|40|71|17|36|SC26T|161.0		TGTGCAAGATGGAGTCTCAATGTTTTTGACTACTGG	40	CARWSLNVFDYW	:::::::::0:-4:9:9:-2:-3:15:17:-1:36:::
109	1.0	0.002066115702479339	TGTGCAAGACACGACAACTACTACTTTGACTACTGG	IIIIIIIIIIIIIIIIIIIIIIIIIIIIIIIIIIII	IGHV4-8*01(1498)		IGHJ1-M*01(510)	IGHM*01(350)	285|296|318|0|11||110.0		20|40|71|16|36||200.0		TGTGCAAGACACGACAACTACTACTTTGACTACTGG	40	CARHDNYYFDYW	:::::::::0:-2:11:::::16:0:36:::
110	1.0	0.002066115702479339	TGTGCAAGACAGAGTTACAATGCTTTTGACTACTGG	IIIIIIIIIIIIIIIIIIIIIIIIIIIIIIIIIIII	IGHV4-6-3*01(1274)		IGHJ4-M*01(520)	IGHM*01(350)	270|281|303|0|11||110.0		19|40|71|15|36||210.0		TGTGCAAGACAGAGTTACAATGCTTTTGACTACTGG	40	CARQSYNAFDYW	:::::::::0:-2:11:::::15:1:36:::
111	1.0	0.002066115702479339	TGTGCAAGACAATATTAGTATAAAACAATGCTGCCTTTGACTACTGG	IIIIIIIIIIIIIIIIIIIIIIIIIIIIIIIIIIIIIIIIIIIIIII	IGHV4-8*01(444)	IGHD2-M*01(35)	IGHJ3-M*01(540)	IGHM*01(350)	285|301|318|0|16||160.0	13|20|36|16|23||35.0	20|43|74|24|47||230.0		TGTGCAAGACAATATTAGTATAAAACAATGCTGCCTTTGACTACTGG	40	CARQY*YK_NAAFDYW	:::::::::0:3:16:16:-1:-4:23:24:0:47:::
112	1.0	0.002066115702479339	TGTGCAAGACAAGTGGACAATGCTTTTGACTACTGG	IIIIIIIIIIIIIIIIIIIIIIIIIIIIIIIIIIII	IGHV4-6-3*01(2381)		IGHJ4-M*01(511)	IGHM*01(350)	270|282|303|0|12||120.0		17|40|71|13|36|ST19G|201.0		TGTGCAAGACAAGTGGACAATGCTTTTGACTACTGG	40	CARQVDNAFDYW	:::::::::0:-1:12:::::13:3:36:::
113	1.0	0.002066115702479339	TGTGCAAGAGTGTCCAACTACTGGGCGTTCGACTACTGG	IIIIIIIIIIIIIIIIIIIIIIIIIIIIIIIIIIIIIII	IGHV3-2*02(2161)	IGHD1-M*01(25)	IGHJ5-M*01(510)	IGHM*01(350)	282|293|313|0|11||110.0	15|20|33|14|19||25.0	22|42|73|19|39||200.0		TGTGCAAGAGTGTCCAACTACTGGGCGTTCGACTACTGG	40	CARVSNYWAFDYW	:::::::::0:0:11:14:-4:-2:19:19:-2:39:::
114	1.0	0.002066115702479339	TGTGCAAGAGCGTATGACAATGCTTTTGACTACTGG	IIIIIIIIIIIIIIIIIIIIIIIIIIIIIIIIIIII	IGHV9-1*01(2860)		IGHJ4-M*01(510)	IGHM*01(350)	276|286|309|0|10||100.0		20|40|71|16|36||200.0		TGTGCAAGAGCGTATGACAATGCTTTTGACTACTGG	40	CARAYDNAFDYW	:::::::::0:-3:10:::::16:0:36:::
115	1.0	0.002066115702479339	TGTGCAAGAGCATGGAGTGGCGCACAATGCTTTTGACTACTGG	IIIIIIIIIIIIIIIIIIIIIIIIIIIIIIIIIIIIIIIIIII	IGHV9-1*01(2860)	IGHD3-M*01(65)	IGHJ4-M*01(510)	IGHM*01(350)	276|286|309|0|10||100.0	11|24|33|10|23||65.0	20|40|71|23|43||200.0		TGTGCAAGAGCATGGAGTGGCGCACAATGCTTTTGACTACTGG	40	CARAWSG_HNAFDYW	:::::::::0:-3:10:10:0:2:23:23:0:43:::
116	1.0	0.002066115702479339	TGTGCAAGAGCAGTATCCGGTGCCTTTGACTACTGG	IIIIIIIIIIIIIIIIIIIIIIIIIIIIIIIIIIII	IGHV14S1*01(450)	IGHD2-M*01(30)	IGHJ2-M*01(500)	IGHM*01(350)	285|295|316|0|10||100.0	12|18|36|10|16||30.0	21|40|71|17|36||190.0		TGTGCAAGAGCAGTATCCGGTGCCTTTGACTACTGG	40	CARAVSGAFDYW	:::::::::0:-1:10:10:0:-6:16:17:-1:36:::
117	1.0	0.002066115702479339	TGTGCAAGAGGGGATAATCGGGCGTTCGACTACTGG	IIIIIIIIIIIIIIIIIIIIIIIIIIIIIIIIIIII	IGHV9-1*01(2860)		IGHJ5-M*01(482)	IGHM*01(265)	276|286|309|0|10||100.0		19|42|73|13|36|SC23TST24C|172.0		TGTGCAAGAGGGGATAATCGGGCGTTCGACTACTGG	40	CARGDNRAFDYW	:::::::::0:-3:10:::::13:1:36:::
118	1.0	0.002066115702479339	TGTGCAAGAGGGAACAACTACGGTGCCTTTGACTACTGG	IIIIIIIIIIIIIIIIIIIIIIIIIIIIIIIIIIIIIII	IGHV9-1*01(2861)	IGHD1-M*01(25)	IGHJ2-M*01(520)	IGHM*01(350)	276|289|309|0|13|SA286G|101.0	14|19|33|13|18||25.0	19|40|71|18|39||210.0		TGTGCAAGAGGGAACAACTACGGTGCCTTTGACTACTGG	40	CARGNNYGAFDYW	:::::::::0:0:13:13:-3:-3:18:18:1:39:::
119	1.0	0.002066115702479339	TGTGCAAGAGGAAACAACTACGGTGCCTTTGACTACTGG	IIIIIIIIIIIIIIIIIIIIIIIIIIIIIIIIIIIIIII	IGHV9-1*01(2860)	IGHD1-M*01(30)	IGHJ2-M*01(520)	IGHM*01(350)	276|286|309|0|10||100.0	13|19|33|12|18||30.0	19|40|71|18|39||210.0		TGTGCAAGAGGAAACAACTACGGTGCCTTTGACTACTGG	40	CARGNNYGAFDYW	:::::::::0:-3:10:12:-2:-3:18:18:1:39:::
120	1.0	0.002066115702479339	TGTGCAAGAGATTTGGCCTACTTTGACTACTGG	IIIIIIIIIIIIIIIIIIIIIIIIIIIIIIIII	IGHV4-6-1*01(1881)		IGHJ1-M*01(470)	IGHM*01(350)	270|281|303|0|11||110.0		24|40|71|17|33||160.0		TGTGCAAGAGATTTGGCCTACTTTGACTACTGG	40	CARDLAYFDYW	:::::::::0:-2:11:::::17:-4:33:::
121	1.0	0.002066115702479339	TGTGCAAGAGATCTCAACTACGCTTTTGACTACTGG	IIIIIII<IIIIIIIIIIIIIIIIIIIIIIIIIIII	IGHV9-1*01(2601)	IGHD1-M*01(35),IGHD5-M*01(30)	IGHJ4-M*01(460)	IGHM*01(336)	276|287|309|0|11||110.0	15|22|33|14|21||35.0;13|19|33|15|21||30.0	25|40|71|21|36||150.0		TGTGCAAGAGATCTCAACTACGCTTTTGACTACTGG	27	CARDLNYAFDYW	:::::::::0:-2:11:14:-4:0:21:21:-5:36:::
122	1.0	0.002066115702479339	TGTGCAAGAGATATATACGGTGCCTTTGACTACTGG	IIIIIIIIIIIIIIIIIIIIIIIIIIIIIIIIIIII	IGHV14S1*01(1661)		IGHJ2-M*01(520)	IGHM*01(350)	285|297|316|0|12||120.0		19|40|71|15|36||210.0		TGTGCAAGAGATATATACGGTGCCTTTGACTACTGG	40	CARDIYGAFDYW	:::::::::0:1:12:::::15:1:36:::
123	1.0	0.002066115702479339	TGTGCAAGAGATAGCTACGGTGCCTTTGACTACTGG	IIIIIIIIIIIIIIIIIIIIIIIIIIIIIIIIIIII	IGHV4-6-1*01(1032)		IGHJ2-M*01(520)	IGHM*01(350)	270|281|303|0|11||110.0		19|40|71|15|36||210.0		TGTGCAAGAGATAGCTACGGTGCCTTTGACTACTGG	40	CARDSYGAFDYW	:::::::::0:-2:11:::::15:1:36:::
124	1.0	0.002066115702479339	TGTGCAAGAGATAACAACTACGGTGCCTTTGACTACTGG	IIIIIIIIIIIIIIIIIIIIIIIIIIIIIIIIIIIIIII	IGHV4-6-1*01(2341)	IGHD1-M*01(35)	IGHJ2-M*01(520)	IGHM*01(350)	270|281|303|0|11||110.0	12|19|33|11|18||35.0	19|40|71|18|39||210.0		TGTGCAAGAGATAACAACTACGGTGCCTTTGACTACTGG	40	CARDNNYGAFDYW	:::::::::0:-2:11:11:-1:-3:18:18:1:39:::
125	1.0	0.002066115702479339	TGTGCAAGAGACTACTACTTTGACTACTGG	IIIIIIIIIIIIIIIIIIIIIIIIIIIIII	IGHV9-1*01(2101)		IGHJ1-M*01(510)	IGHM*01(350)	276|287|309|0|11||110.0		21|40|71|11|30||200.0		TGTGCAAGAGACTACTACTTTGACTACTGG	40	CARDYYFDYW	:::::::::0:-2:11:::::11:-1:30:::
126	1.0	0.002066115702479339	TGTGCAAGAGACTACTACGGTGCCTTTGACTACTGG	IIIIIIIIIIIIIIIIIIIIIIIIIIIIIIIIIIII	IGHV9-1*01(2870)		IGHJ2-M*01(520)	IGHM*01(350)	276|287|309|0|11||110.0		19|40|71|15|36||210.0		TGTGCAAGAGACTACTACGGTGCCTTTGACTACTGG	40	CARDYYGAFDYW	:::::::::0:-2:11:::::15:1:36:::
127	1.0	0.002066115702479339	TGTGCAAGAGAGTGGCGTGCCTTTGACTACTGG	IIIIIIIIIIIIIIIIIIIIIIIIIIIIIIIII	IGHV9-1*01(2851)		IGHJ2-M*01(480)	IGHM*01(350)	276|288|309|0|12||120.0		23|40|71|16|33||170.0		TGTGCAAGAGAGTGGCGTGCCTTTGACTACTGG	40	CAREWRAFDYW	:::::::::0:-1:12:::::16:-3:33:::
128	1.0	0.002066115702479339	TGTGCAAGAGAGGGGCATAACTACGGTGCCTTTGACTACTGG	IIIIIIIIIIIIIIIIIIIIIIIIIIIIIIIIIIIIIIIIII	IGHV9-1*01(2880)	IGHD1-M*01(25),IGHD2-M*01(25),IGHD5-M*01(25)	IGHJ2-M*01(520)	IGHM*01(265)	276|288|309|0|12||120.0	11|16|33|16|21||25.0;16|21|36|16|21||25.0;11|16|33|16|21||25.0	19|40|71|21|42||210.0		TGTGCAAGAGAGGGGCATAACTACGGTGCCTTTGACTACTGG	40	CAREGHNYGAFDYW	:::::::::0:-1:12:16:0:-6:21:21:1:42:::
129	1.0	0.002066115702479339	TGTGCAAGAGAGGGAGTAGGCTACTTTGACTACTGG	IIIIIIIIIIIIIIIIIIIIIIIIIIIIIIIIIIII	IGHV9-1*01(2880)	IGHD3-M*01(25)	IGHJ1-M*01(470)	IGHM*01(350)	276|288|309|0|12||120.0	14|19|33|12|17||25.0	24|40|71|20|36||160.0		TGTGCAAGAGAGGGAGTAGGCTACTTTGACTACTGG	40	CAREGVGYFDYW	:::::::::0:-1:12:12:-3:-3:17:20:-4:36:::
130	1.0	0.002066115702479339	TGTGCAAGAGAGGATAACAGCTACTTTGACTACTGG	IIIIIIIIIIIIIIIIIIIIIIIIIIIIIIIIIIII	IGHV9-1*01(562)	IGHD2-M*01(35),IGHD1-M*01(30)	IGHJ1-M*01(470)	IGHM*01(350)	276|288|309|0|12||120.0	16|23|36|13|20||35.0;11|17|33|13|19||30.0	24|40|71|20|36||160.0		TGTGCAAGAGAGGATAACAGCTACTTTGACTACTGG	40	CAREDNSYFDYW	:::::::::0:-1:12:13:-4:-1:20:20:-4:36:::
131	1.0	0.002066115702479339	TGTGCAAGAGAGGAGTGGCGCTACTTTGACTACTGG	IIIIIIIIIIIIIIIIIIIIIIIIIIIIIIIIIIII	IGHV14S1*01(1971)	IGHD3-M*01(45)	IGHJ1-M*01(470)	IGHM*01(350)	285|296|316|0|11||110.0	14|23|33|11|20||45.0	24|40|71|20|36||160.0		TGTGCAAGAGAGGAGTGGCGCTACTTTGACTACTGG	40	CAREEWRYFDYW	:::::::::0:0:11:11:-3:1:20:20:-4:36:::
132	1.0	0.002066115702479339	TGTGCAAGAGAGGAGTGGCGACTACTTTGACTACTGG	IIIIIIIIIIIIIIIIIIIIIIIIIIIIIIIIIIIII	IGHV4-6-2*01(483)	IGHD3-M*01(45)	IGHJ1-M*01(480)	IGHM*01(350)	270|281|303|0|11||110.0	14|23|33|11|20||45.0	23|40|71|20|37||170.0		TGTGCAAGAGAGGAGTGGCGACTACTTTGACTACTGG	40	CAREEW_DYFDYW	:::::::::0:-2:11:11:-3:1:20:20:-3:37:::
133	1.0	0.002066115702479339	TGTGCAAGAGAGATTAACTGGGCGTTCGACTACTGG	IIIIIIIIIIIIIIIIIIIIIIIIIIIIIIIIIIII	IGHV9-1*01(2900)		IGHJ5-M*01(530)	IGHM*01(350)	276|290|309|0|14||140.0		20|42|73|14|36||220.0		TGTGCAAGAGAGATTAACTGGGCGTTCGACTACTGG	40	CAREINWAFDYW	:::::::::0:1:14:::::14:0:36:::
134	1.0	0.002066115702479339	TGTGCAAGAGAGAGTAATGCTTTTGACTACTGG	IIIIIIIIIIIIIIIIIIIIIIIIIIIIIIIII	IGHV9-1*01(2861)		IGHJ4-M*01(490)	IGHM*01(336)	276|289|309|0|13||130.0		22|40|71|15|33||180.0		TGTGCAAGAGAGAGTAATGCTTTTGACTACTGG	40	CARESNAFDYW	:::::::::0:0:13:::::15:-2:33:::
135	1.0	0.002066115702479339	TGTGCAAGAGAGAACTACTACTACTTTGACTACTGG	IIIIIIIIIIIIIIIIIIIIIIIIIIIIIIIIIIII	IGHV9-1*01(2891)		IGHJ1-M*01(520)	IGHM*01(336)	276|292|309|0|16|ST289A|131.0		20|40|71|16|36||210.0		TGTGCAAGAGAGAACTACTACTACTTTGACTACTGG	40	CARENYYYFDYW	:::::::::0:3:16:::::16:0:36:::
136	1.0	0.002066115702479339	TGTGCAAGAGAATACAACTACGCTTTTGACTACTGG	IIIIIIIIIIIIIIIIIIIIIIIIIIIIIIIIIIII	IGHV4-6-1*01(1076)	IGHD1-M*01(35),IGHD5-M*01(30)	IGHJ4-M*01(460)	IGHM*01(350)	270|284|303|0|14||140.0	15|22|33|14|21||35.0;13|19|33|15|21||30.0	25|40|71|21|36||150.0		TGTGCAAGAGAATACAACTACGCTTTTGACTACTGG	40	CAREYNYAFDYW	:::::::::0:1:14:14:-4:0:21:21:-5:36:::
137	1.0	0.002066115702479339	TGTGCAAGAGAAGGGAACAACTACTGGGCGTTCGACTACTGG	IIIIIIIIIIIIIIIIIIIIIIIIIIIIIIIIIIIIIIIIII	IGHV4-1*01(2980)	IGHD1-M*01(35)	IGHJ5-M*01(510)	IGHM*01(350)	285|298|318|0|13||130.0	13|20|33|15|22||35.0	22|42|73|22|42||200.0		TGTGCAAGAGAAGGGAACAACTACTGGGCGTTCGACTACTGG	40	CAREGNNYWAFDYW	:::::::::0:0:13:15:-2:-2:22:22:-2:42:::
138	1.0	0.002066115702479339	TGTGCAAGAGAAGACAATGCTTTTGACTACTGG	IIIIIIIIIIIIIIIIIIIIIIIIIIIIIIIII	IGHV4-1*01(2922)		IGHJ4-M*01(510)	IGHM*01(336)	285|298|318|0|13||130.0		20|40|71|13|33||200.0		TGTGCAAGAGAAGACAATGCTTTTGACTACTGG	40	CAREDNAFDYW	:::::::::0:0:13:::::13:0:33:::
139	1.0	0.002066115702479339	TGTGCAAGAGAAGAGTGGTACAATGCTTTTGACTACTGG	IIIIIIIIIIIIIIIIIIIIIIIIIIIIIIIIIIIIIII	IGHV4-6-1*01(2791)	IGHD3-M*01(25)	IGHJ4-M*01(530)	IGHM*01(279)	270|282|303|0|12||120.0	15|20|33|12|17||25.0	18|40|71|17|39||220.0		TGTGCAAGAGAAGAGTGGTACAATGCTTTTGACTACTGG	40	CAREEWYNAFDYW	:::::::::0:-1:12:12:-4:-2:17:17:2:39:::
140	1.0	0.002066115702479339	TGTGCAAGAGAAAACGACTATTGGGCGTTCGACTACTGG	IIIIIIIIIIIIIIIIIIIIIIIIIIIIIIIIIIIIIII	IGHV4-6-2*01(364)	IGHD1-M*01(26),IGHD2-Z1*01(25),IGHD5-M*01(25)	IGHJ5-M*01(490)	IGHM*01(336)	270|282|303|0|12||120.0	13|21|33|12|20|SA16G|26.0;16|21|48|16|21||25.0;17|22|33|13|18||25.0	24|42|73|21|39||180.0		TGTGCAAGAGAAAACGACTATTGGGCGTTCGACTACTGG	40	CARENDYWAFDYW	:::::::::0:-1:12:12:-2:-1:20:21:-4:39:::
141	1.0	0.002066115702479339	TGTGCAAGAAACAACAACTGGGCGTTCGACTACTGG	IIIIIIIIIIIIIIIIIIIIIIIIIIIIIIIIIIII	IGHV4-7*01(1750)		IGHJ5-M*01(520)	IGHM*01(350)	285|298|318|0|13||130.0		21|42|73|15|36||210.0		TGTGCAAGAAACAACAACTGGGCGTTCGACTACTGG	40	CARNNNWAFDYW	:::::::::0:0:13:::::15:-1:36:::
142	1.0	0.002066115702479339	TGTGCAAACAGTAACTGGGCGTTCGACTACTGG	IIIIIIIIIIIIIIIIIIIIIIIIIIIIIIIII	IGHV1-2*01(2880)	IGHD2-M*01(25)	IGHJ5-M*01(530)	IGHM*01(350)	282|288|315|0|6||60.0	18|23|36|6|11||25.0	20|42|73|11|33||220.0		TGTGCAAACAGTAACTGGGCGTTCGACTACTGG	40	CANSNWAFDYW	:::::::::0:-7:6:6:-6:-1:11:11:0:33:::
143	1.0	0.002066115702479339	TGTGCAAACAAGTTTACAATGCTTTTGACTACTGG	IIIIIIIIIIIIIIIIIIIIIIIIIIIIIIIIIII	IGHV4-2*01(1961)		IGHJ4-M*01(520)	IGHM*01(350)	282|290|315|0|8||80.0		19|40|71|14|35||210.0		TGTGCAAACAAGTTTACAATGCTTTTGACTACTGG	40	CANKFT_AFDYW	:::::::::0:-5:8:::::14:1:35:::
144	1.0	0.002066115702479339	TGTGCAAAGTCTAACTACGATGCTTTTGACTACTGG	IIIIIIIIIIIIIIIIIIIIIIIIIIIIIIIIIIII	IGHV13S2*01(1270)		IGHJ4-M*01(491)	IGHM*01(350)	282|291|316|0|9||90.0		19|40|71|15|36|SA22G|181.0		TGTGCAAAGTCTAACTACGATGCTTTTGACTACTGG	40	CAKSNYDAFDYW	:::::::::0:-5:9:::::15:1:36:::
145	1.0	0.002066115702479339	TGTGCAAAGGGGAGTGACGGTGCCTTTGACTACTGG	IIIIIIIIIIIIIIIIIIIIIIIIIIIIIIIIIIII	IGHV10-1*01(2901)	IGHD3-M*01(30)	IGHJ2-M*01(510)	IGHM*01(350)	285|293|318|0|8||80.0	14|20|33|10|16||30.0	20|40|71|16|36||200.0		TGTGCAAAGGGGAGTGACGGTGCCTTTGACTACTGG	40	CAKGSDGAFDYW	:::::::::0:-5:8:10:-3:-2:16:16:0:36:::
146	1.0	0.002066115702479339	TGTGCAAAGACAGCTCTTAACAACTACGGTGCCTTTGACTACTGG	IIIIIIIIIIIIIIIIIIIIIIIIIIIIIIIIIIIIIIIIIIIII	IGHV13S2*01(1292)	IGHD1-M*01(35)	IGHJ2-M*01(520)	IGHM*01(330)	282|299|316|0|17|SG296T|141.0	12|19|33|17|24||35.0	19|40|71|24|45||210.0		TGTGCAAAGACAGCTCTTAACAACTACGGTGCCTTTGACTACTGG	40	CAKTALNNYGAFDYW	:::::::::0:3:17:17:-1:-3:24:24:1:45:::
147	1.0	0.002066115702479339	TGTGCAAAGACAGCGCTGTCAACTACTGCCTTTGACTACTGG	IIIIIIIIIIIIIIIIIIIIIIIIIIIIIIIIIIIIIIIIII	IGHV13S2*01(2991)	IGHD1-M*01(30),IGHD5-M*01(30)	IGHJ2-M*01(470)	IGHM*01(350)	282|302|316|0|20||200.0	16|22|33|20|26||30.0;13|19|33|20|26||30.0	24|40|71|26|42||160.0		TGTGCAAAGACAGCGCTGTCAACTACTGCCTTTGACTACTGG	40	CAKTALSTTAFDYW	:::::::::0:6:20:20:-5:0:26:26:-4:42:::
148	1.0	0.002066115702479339	TGTGCAAAGACAGCGGCTACGGACTACTTTGACTACTGG	IIIIIIIIIIIIIIIIIIIIIIIIIIIIIIIIIIIIIII	IGHV13S2*01(2912)	IGHD1-M*01(25),IGHD5-M*01(25)	IGHJ1-M*01(480)	IGHM*01(350)	282|297|316|0|15||150.0	18|23|33|16|21||25.0;15|20|33|16|21||25.0	23|40|71|22|39||170.0		TGTGCAAAGACAGCGGCTACGGACTACTTTGACTACTGG	40	CAKTAATDYFDYW	:::::::::0:1:15:16:-7:1:21:22:-3:39:::
149	1.0	0.002066115702479339	TGTGCAAAGACAGCGAGTGGCTACTTTGACTACTGG	IIIIIIIIIIIIIIIIIIIIIIIIIIIIIIIIIIII	IGHV13S2*01(1510)	IGHD3-M*01(25)	IGHJ1-M*01(470)	IGHM*01(350)	282|297|316|0|15||150.0	16|21|33|15|20||25.0	24|40|71|20|36||160.0		TGTGCAAAGACAGCGAGTGGCTACTTTGACTACTGG	40	CAKTASGYFDYW	:::::::::0:1:15:15:-5:-1:20:20:-4:36:::
150	1.0	0.002066115702479339	TGTGCAAAGAATGGAGCCTACTACTACTTTGACTACTGG	IIIIIIIIIIIIIIIIIIIIIIIIIIIIIIIIIIIIIII	IGHV13S2*01(2862)	IGHD3-M*01(30)	IGHJ1-M*01(520)	IGHM*01(350)	282|292|316|0|10||100.0	12|18|33|10|16||30.0	19|40|71|18|39||210.0		TGTGCAAAGAATGGAGCCTACTACTACTTTGACTACTGG	40	CAKNGAYYYFDYW	:::::::::0:-4:10:10:-1:-4:16:18:1:39:::
151	1.0	0.002066115702479339	TGTGCAAAGAATAACTACGATGCTTTTGACTACTGG	IIIIIIIIIIIIIIIIIIIIIIIIIIIIIIIIIIII	IGHV13S2*01(2920)	IGHD1-M*01(25),IGHD2-M*01(25),IGHD5-M*01(25)	IGHJ4-M*01(491)	IGHM*01(336)	282|292|316|0|10||100.0	11|16|33|10|15||25.0;16|21|36|10|15||25.0;11|16|33|10|15||25.0	19|40|71|15|36|SA22G|181.0		TGTGCAAAGAATAACTACGATGCTTTTGACTACTGG	40	CAKNNYDAFDYW	:::::::::0:-4:10:10:0:-6:15:15:1:36:::
152	1.0	0.002066115702479339	TGTGCAAAGAACTACGACGTTGCCTTTGACTACTGG	IIIIIIIIIIIIIIIIIIIIIIIIIIIIIIIIIIII	IGHV13S2*01(2862)	IGHD1-M*01(30),IGHD5-M*01(30)	IGHJ2-M*01(481)	IGHM*01(350)	282|292|316|0|10||100.0	17|23|33|10|16||30.0;14|20|33|10|16||30.0	20|40|71|16|36|SG23T|171.0		TGTGCAAAGAACTACGACGTTGCCTTTGACTACTGG	40	CAKNYDVAFDYW	:::::::::0:-4:10:10:-6:1:16:16:0:36:::
153	1.0	0.002066115702479339	TGTGCAAAACGGGACTATAACTGGGCGTTCGACTACTGG	IIIIIIIIIIIIIIIIIIIIIIIIIIIIIIIIIIIIIII	IGHV4-2*01(2833)		IGHJ5-M*01(550)	IGHM*01(350)	282|292|315|0|10||100.0		18|42|73|15|39||240.0		TGTGCAAAACGGGACTATAACTGGGCGTTCGACTACTGG	40	CAKRDYNWAFDYW	:::::::::0:-3:10:::::15:2:39:::
154	1.0	0.002066115702479339	TGTGCAAAACAGGGAGCGTACTACTTTGACTACTGG	IIIIIIIIIIIIIIIIIIIIIIIIIIIIIIIIIIII	IGHV4-2*01(1030)		IGHJ1-M*01(490)	IGHM*01(350)	282|293|315|0|11||110.0		22|40|71|18|36||180.0		TGTGCAAAACAGGGAGCGTACTACTTTGACTACTGG	40	CAKQGAYYFDYW	:::::::::0:-2:11:::::18:-2:36:::
155	1.0	0.002066115702479339	TGTGCAAAACAATGGAGTGGCGATGCTTTTGACTACTGG	IIIIIIIIIIIIIIIIIIIIIIIIIIIIIIIIIIIIIII	IGHV4-2*01(2940)	IGHD3-M*01(50)	IGHJ4-M*01(480)	IGHM*01(350)	282|294|315|0|12||120.0	13|23|33|12|22||50.0	23|40|71|22|39||170.0		TGTGCAAAACAATGGAGTGGCGATGCTTTTGACTACTGG	40	CAKQWSGDAFDYW	:::::::::0:-1:12:12:-2:1:22:22:-3:39:::
156	1.0	0.002066115702479339	TGTGCAAAACAACAACTCTACAATGCTGCCTTTGACTACTGG	IIIIIIIIIIIIIIIIIIIIIIIIIIIIIIIIIIIIIIIIII	IGHV4-2*01(1477)	IGHD1-M*01(25)	IGHJ3-M*01(550)	IGHM*01(350)	282|294|315|0|12||120.0	15|20|33|12|17||25.0	19|43|74|18|42||240.0		TGTGCAAAACAACAACTCTACAATGCTGCCTTTGACTACTGG	40	CAKQQLYNAAFDYW	:::::::::0:-1:12:12:-4:-2:17:18:1:42:::
157	1.0	0.002066115702479339	TGTGCAAAACAAGCTTGGAGTGACAATGCTTTTGACTACTGG	IIIIIIIIIII777I777I7II7777II77I77777777777	IGHV4-2*01(1349)	IGHD3-M*01(25)	IGHJ4-M*01(510)	IGHM*01(350)	282|299|315|0|17||170.0	15|20|33|17|22||25.0	20|40|71|22|42||200.0		TGTGCAAAACAAGCTTGGAGTGACAATGCTTTTGACTACTGG	22	CAKQAWSDNAFDYW	:::::::::0:4:17:17:-4:-2:22:22:0:42:::
158	1.0	0.002066115702479339	TGTGCAAAACAAGCGGGTGGCTACGGTGCCTTTGACTACTGG	IIIIIIIIIIIIIIIIIIIIIIIIIIIIIIIIIIIIIIIIII	IGHV4-2*01(2960)	IGHD2-Z1*01(30)	IGHJ2-M*01(520)	IGHM*01(350)	282|296|315|0|14||140.0	24|30|48|14|20||30.0	19|40|71|21|42||210.0		TGTGCAAAACAAGCGGGTGGCTACGGTGCCTTTGACTACTGG	40	CAKQAGGYGAFDYW	:::::::::0:1:14:14:-8:-2:20:21:1:42:::
159	1.0	0.002066115702479339	TGTGCAAAACAAGCATGGAGTGACGGTGCCTTTGACTACTGG	IIIIIIIIIIIIIIIIIIIIIIIIIIIIIIIIIIIIIIIIII	IGHV4-2*01(1498)	IGHD3-M*01(25)	IGHJ2-M*01(510)	IGHM*01(350)	282|299|315|0|17|ST296A|141.0	15|20|33|17|22||25.0	20|40|71|22|42||200.0		TGTGCAAAACAAGCATGGAGTGACGGTGCCTTTGACTACTGG	40	CAKQAWSDGAFDYW	:::::::::0:4:17:17:-4:-2:22:22:0:42:::
160	1.0	0.002066115702479339	TGTGCAAAACAAGAGTACGGTGCCTTTGACTACTGG	IIIIIIIIIIIIIIIIIIIIIIIIIIIIIIIIIIII	IGHV4-2*01(938)		IGHJ2-M*01(530)	IGHM*01(350)	282|295|315|0|13||130.0		18|40|71|14|36||220.0		TGTGCAAAACAAGAGTACGGTGCCTTTGACTACTGG	40	CAKQEYGAFDYW	:::::::::0:0:13:::::14:2:36:::
161	1.0	0.002066115702479339	TGTGCAAAACAAAGCATGGAGGGCCACTACTTTGACTACTGG	IIIIIIIIIIIIIIIIIIIIIIIIIIIIIIIIIIIIIIIIII	IGHV4-2*01(1504)	IGHD3-M*01(43)	IGHJ1-M*01(480)	IGHM*01(350)	282|294|315|0|12||120.0	10|22|33|13|24|DT18|43.0	23|40|71|25|42||170.0		TGTGCAAAACAAAGCATGGAGGGCCACTACTTTGACTACTGG	40	CAKQSMEGHYFDYW	:::::::::0:-1:12:13:1:0:24:25:-3:42:::
162	1.0	0.002066115702479339	TGTGCAAAAGTTAACAACGGTGCCTTTGACTACTGG	IIIIIIIIIIIIIIIIIIIIIIIIIIIIIIIIIIII	IGHV10-1*01(364)	IGHD1-M*01(25),IGHD2-M*01(25)	IGHJ2-M*01(510)	IGHM*01(350)	285|295|318|0|10||100.0	12|17|33|11|16||25.0;17|22|36|11|16||25.0	20|40|71|16|36||200.0		TGTGCAAAAGTTAACAACGGTGCCTTTGACTACTGG	40	CAKVNNGAFDYW	:::::::::0:-3:10:11:-1:-5:16:16:0:36:::
163	1.0	0.002066115702479339	TGTGCAAAAGGCAACTACTACTTTGACTACTGG	IIIIIIIIIIIIIIIIIIIIIIIIIIIIIIIII	IGHV9-1*01(2831)		IGHJ1-M*01(510)	IGHM*01(350)	276|286|309|0|10|SG283A|71.0		20|40|71|13|33||200.0		TGTGCAAAAGGCAACTACTACTTTGACTACTGG	40	CAKGNYYFDYW	:::::::::0:-3:10:::::13:0:33:::
164	1.0	0.002066115702479339	TGTGCAAAAATTAACAACTACTACTTTGACTACTGG	IIIIIIIIIIIIIIIIIIIIIIIIIIIIIIIIIIII	IGHV4-2*01(436)	IGHD1-M*01(25),IGHD2-M*01(25)	IGHJ1-M*01(510)	IGHM*01(350)	282|291|315|0|9||90.0	12|17|33|11|16||25.0;17|22|36|11|16||25.0	20|40|71|16|36||200.0		TGTGCAAAAATTAACAACTACTACTTTGACTACTGG	40	CAKINNYYFDYW	:::::::::0:-4:9:11:-1:-5:16:16:0:36:::
165	1.0	0.002066115702479339	TGCGCCAGTAATAACTACTACTTTGACTACTGG	IIIIIIIIIIIIIIIIIIIIIIIIIIIIIIIII	IGHV5-5-1*01(181),IGHV5-5-3*01(181)		IGHJ1-M*01(510)	IGHM*01(350)	288|296|321|0|8||80.0;288|296|321|0|8||80.0		20|40|71|13|33||200.0		TGCGCCAGTAATAACTACTACTTTGACTACTGG	40	CASNNYYFDYW	:::::::::0:-5:8:::::13:0:33:::
166	1.0	0.002066115702479339	TGCGCCAGGTATAACTACGACTACTTTGACTACTGG	IIIIIIIIIIIIIIIIIIIIIIIIIIIIIIIIIIII	IGHV5-5-1*01(2191)	IGHD2-M*01(35),IGHD1-M*01(30),IGHD5-M*01(30)	IGHJ1-M*01(491)	IGHM*01(350)	288|296|321|0|8||80.0	14|21|36|8|15||35.0;10|16|33|9|15||30.0;10|16|33|9|15||30.0	19|40|71|15|36|ST22G|181.0		TGCGCCAGGTATAACTACGACTACTTTGACTACTGG	40	CARYNYDYFDYW	:::::::::0:-5:8:8:-2:-3:15:15:1:36:::
167	1.0	0.002066115702479339	TGCGCCAGGCAGTATAACTGGGCGTTCGACTACTGG	IIIIIIIIIIIIIIIIIIIIIIIIIIIIIIIIIIII	IGHV5-5-1*01(2962)		IGHJ5-M*01(550)	IGHM*01(350)	288|301|321|0|13|SA296GSG297C|82.0		19|42|73|13|36||240.0		TGCGCCAGGCAGTATAACTGGGCGTTCGACTACTGG	40	CARQYNWAFDYW	:::::::::0:0:13:::::13:1:36:::
168	1.0	0.002066115702479339	TGCGCCAGATGGAGTCCCTACTACTTTGACTACTGG	IIIIIIIIIIIIIIIIIIIIIIIIIIIIIIIIIIII	IGHV5-5-1*01(2970)	IGHD3-M*01(30)	IGHJ1-M*01(500)	IGHM*01(350)	288|297|321|0|9||90.0	13|19|33|9|15||30.0	21|40|71|17|36||190.0		TGCGCCAGATGGAGTCCCTACTACTTTGACTACTGG	40	CARWSPYYFDYW	:::::::::0:-4:9:9:-2:-3:15:17:-1:36:::
169	1.0	0.002066115702479339	TGCGCCAGATGGAGTGGCGCCTTTGACTACTGG	IIIIIIIIIIIIIIIIIIIIIIIIIIIIIIIII	IGHV5-5-1*01(1230)	IGHD3-M*01(30)	IGHJ2-M*01(461)	IGHM*01(350)	288|297|321|0|9||90.0	13|19|33|9|15||30.0	22|40|71|15|33|ST24C|151.0		TGCGCCAGATGGAGTGGCGCCTTTGACTACTGG	40	CARWSGAFDYW	:::::::::0:-4:9:9:-2:-3:15:15:-2:33:::
170	1.0	0.002066115702479339	TGCGCCAGATGGAGTGGCGGTGCTTTTGACTACTGG	IIIIIIIIIIIIIIIIIIIIIIIIIIIIIIIIIIII	IGHV5-5-2*01(2011)	IGHD3-M*01(50)	IGHJ4-M*01(470)	IGHM*01(350)	288|297|321|0|9||90.0	13|23|33|9|19||50.0	24|40|71|20|36||160.0		TGCGCCAGATGGAGTGGCGGTGCTTTTGACTACTGG	40	CARWSGGAFDYW	:::::::::0:-4:9:9:-2:1:19:20:-4:36:::
171	1.0	0.002066115702479339	TGCGCCAGACTCCTACGGGTCAATGCTTTTGACTACTGG	IIIIIIIIIIIIIIIIIIIIIIIIIIIIIIIIIIIIIII	IGHV5-5-2*01(2970)	IGHD1-M*01(25),IGHD5-M*01(25)	IGHJ4-M*01(500)	IGHM*01(350)	288|297|321|0|9||90.0	18|23|33|12|17||25.0;15|20|33|12|17||25.0	21|40|71|20|39||190.0		TGCGCCAGACTCCTACGGGTCAATGCTTTTGACTACTGG	40	CARLLRVNAFDYW	:::::::::0:-4:9:12:-7:1:17:20:-1:39:::
172	1.0	0.002066115702479339	TGCGCCAGACAGACCAATGCTGCCTTTGACTACTGG	IIIIIIIIIIIIIIIIIIIIIIIIIIIIIIIIIIII	IGHV5-5-2*01(196)		IGHJ3-M*01(530)	IGHM*01(350)	288|300|321|0|12|SG297C|91.0		21|43|74|14|36||220.0		TGCGCCAGACAGACCAATGCTGCCTTTGACTACTGG	40	CARQTNAAFDYW	:::::::::0:-1:12:::::14:-1:36:::
173	1.0	0.002066115702479339	TGCGCCAGAGGGGACAACTACGGTGCCTTTGACTACTGG	IIIIIIIIIIIIIIIIIIIIIIIIIIIIIIIIIIIIIII	IGHV5-5-1*01(2980)	IGHD1-M*01(25)	IGHJ2-M*01(520)	IGHM*01(350)	288|298|321|0|10||100.0	14|19|33|13|18||25.0	19|40|71|18|39||210.0		TGCGCCAGAGGGGACAACTACGGTGCCTTTGACTACTGG	40	CARGDNYGAFDYW	:::::::::0:-3:10:13:-3:-3:18:18:1:39:::
174	1.0	0.002066115702479339	TGCGCCAGAGGGGAGTGGCGCTACTTTGACTACTGG	IIIIIIIIIIIIIIIIIIIIIIIIIIIIIIIIIIII	IGHV5-5-1*01(433)	IGHD3-M*01(45)	IGHJ1-M*01(470)	IGHM*01(350)	288|298|321|0|10||100.0	14|23|33|11|20||45.0	24|40|71|20|36||160.0		TGCGCCAGAGGGGAGTGGCGCTACTTTGACTACTGG	40	CARGEWRYFDYW	:::::::::0:-3:10:11:-3:1:20:20:-4:36:::
175	1.0	0.002066115702479339	TGCGCCAGAGGGAGTACGGTGCCTTTGACTACTGG	IIIIIIIIIIIIIIIIIIIIIIIIIIIIIIIIIII	IGHV5-5-1*01(202)		IGHJ2-M*01(530)	IGHM*01(350)	288|298|321|0|10||100.0		18|40|71|13|35||220.0		TGCGCCAGAGGGAGTACGGTGCCTTTGACTACTGG	40	CARGST_AFDYW	:::::::::0:-3:10:::::13:2:35:::
176	1.0	0.002066115702479339	TGCGCCAGAGGAGACTTTGACTACTGG	IIIIIIIIIIIIIIIIIIIIIIIIIII	IGHV5-5-1*01(2980)		IGHJ1-M*01(450)	IGHM*01(350)	288|298|321|0|10||100.0		26|40|71|13|27||140.0		TGCGCCAGAGGAGACTTTGACTACTGG	40	CARGDFDYW	:::::::::0:-3:10:::::13:-6:27:::
177	1.0	0.002066115702479339	TGCGCCAGAGATGATGGCGGTGCCTTTGACTACTGG	IIIIIIIIIIIIIIIIIIIIIIIIIIIIIIIIIIII	IGHV5-5-1*01(2932)	IGHD1-Z1*01(25)	IGHJ2-M*01(500)	IGHM*01(350)	288|299|321|0|11||110.0	21|26|39|12|17||25.0	21|40|71|17|36||190.0		TGCGCCAGAGATGATGGCGGTGCCTTTGACTACTGG	40	CARDDGGAFDYW	:::::::::0:-2:11:12:-8:0:17:17:-1:36:::
178	1.0	0.002066115702479339	TGCGCCAGAGATAACAGTGCCTTTGACTACTGG	IIIIIIIIIIIIIIIIIIIIIIIIIIIIIIIII	IGHV5-5-1*01(1297)		IGHJ2-M*01(481)	IGHM*01(350)	288|299|321|0|11||110.0		20|40|71|13|33|SG22A|171.0		TGCGCCAGAGATAACAGTGCCTTTGACTACTGG	40	CARDNSAFDYW	:::::::::0:-2:11:::::13:0:33:::
179	1.0	0.002066115702479339	TGCGCCAGAGACTACGACGGTGCCTTTGACTACTGG	IIIIIIIIIIIIIIIIIIIIIIIIIIIIIIIIIIII	IGHV5-5-3*01(2162)		IGHJ2-M*01(510)	IGHM*01(350)	288|303|321|0|15|SG299C|121.0		20|40|71|16|36||200.0		TGCGCCAGAGACTACGACGGTGCCTTTGACTACTGG	40	CARDYDGAFDYW	:::::::::0:2:15:::::16:0:36:::
180	1.0	0.002066115702479339	TGCGCCAGAGACCAACTACTTGCCTTTGACTACTGG	IIIIIIIIIIIIIIIIIIIIIIIIIIIIIIIIIIII	IGHV5-5-1*01(2961)	IGHD1-M*01(35),IGHD5-M*01(30)	IGHJ2-M*01(470)	IGHM*01(350)	288|299|321|0|11||110.0	15|22|33|12|19||35.0;13|19|33|13|19||30.0	24|40|71|20|36||160.0		TGCGCCAGAGACCAACTACTTGCCTTTGACTACTGG	40	CARDQLLAFDYW	:::::::::0:-2:11:12:-4:0:19:20:-4:36:::
181	1.0	0.002066115702479339	TGCGCCAGAGACAACTACTACTTTGACTACTGG	IIIIIIIIIIIIIIIIIIIIIIIIIIIIIIIII	IGHV5-5-2*01(2990)		IGHJ1-M*01(510)	IGHM*01(350)	288|299|321|0|11||110.0		20|40|71|13|33||200.0		TGCGCCAGAGACAACTACTACTTTGACTACTGG	40	CARDNYYFDYW	:::::::::0:-2:11:::::13:0:33:::
182	1.0	0.002066115702479339	TGCGCCAGAGAGTGGCGCGGTGCCTTTGACTACTGG	IIIIIIIIIIIIIIIIIIIIIIIIIIIIIIIIIIII	IGHV5-5-1*01(3010)		IGHJ2-M*01(500)	IGHM*01(350)	288|301|321|0|13||130.0		21|40|71|17|36||190.0		TGCGCCAGAGAGTGGCGCGGTGCCTTTGACTACTGG	40	CAREWRGAFDYW	:::::::::0:0:13:::::17:-1:36:::
183	1.0	0.002066115702479339	TGCGCCAGAGAGTACCAACACGGTGCCTTTGACTACTGG	IIIIIIIIIIIIIIIIIIIIIIIIIIIIIIIIIIIIIII	IGHV5-5-1*01(3030)		IGHJ2-M*01(510)	IGHM*01(350)	288|303|321|0|15||150.0		20|40|71|19|39||200.0		TGCGCCAGAGAGTACCAACACGGTGCCTTTGACTACTGG	40	CAREYQHGAFDYW	:::::::::0:2:15:::::19:0:39:::
184	1.0	0.002066115702479339	TGCGCCAGAGAGTACGACGATGCTTTTGACTACTGG	IIIIIIIIIIIIIIIIIIIIIIIIIIIIIIIIIIII	IGHV5-5-2*01(326)		IGHJ4-M*01(481)	IGHM*01(336)	288|303|321|0|15||150.0		20|40|71|16|36|SA22G|171.0		TGCGCCAGAGAGTACGACGATGCTTTTGACTACTGG	40	CAREYDDAFDYW	:::::::::0:2:15:::::16:0:36:::
185	1.0	0.002066115702479339	TGCGCCAGAGAGTACAACTACGGTGCCTTTGACTACTGG	IIIIIIIIIIIIIIIIIIIIIIIIIIIIIIIIIIIIIII	IGHV5-5-2*01(1613)		IGHJ2-M*01(520)	IGHM*01(272)	288|303|321|0|15||150.0		19|40|71|18|39||210.0		TGCGCCAGAGAGTACAACTACGGTGCCTTTGACTACTGG	40	CAREYNYGAFDYW	:::::::::0:2:15:::::18:1:39:::
186	1.0	0.002066115702479339	TGCGCCAGAGAGCATATTGCCTTTGACTACTGG	IIIIIIIIIIIIIIIIIIIIIIIIIIIIIII<I	IGHV5-5-1*01(1841)	IGHD2-Z1*01(25)	IGHJ2-M*01(470)	IGHM*01(350)	288|300|321|0|12||120.0	8|13|48|12|17||25.0	24|40|71|17|33||160.0		TGCGCCAGAGAGCATATTGCCTTTGACTACTGG	27	CAREHIAFDYW	:::::::::0:-1:12:12:8:-19:17:17:-4:33:::
187	1.0	0.002066115702479339	TGCGCCAGAGAGAGATACGGGTACAATGCTTTTGACTACTGG	IIIIIIIIIIIIIIIIIIIIIIIIIIIIIIIIIIIIIIIIII	IGHV5-3*01(2321)		IGHJ4-M*01(530)	IGHM*01(350)	288|307|326|0|19||190.0		18|40|71|20|42||220.0		TGCGCCAGAGAGAGATACGGGTACAATGCTTTTGACTACTGG	40	CARERYGYNAFDYW	:::::::::0:1:19:::::20:2:42:::
188	1.0	0.002066115702479339	TGCGCCAGAGAGAAAGACAATGCTGCCTTTGACTACTGG	IIIIIIIIIIIIIIIIIIIIIIIIIIIIIIIIIIIIIII	IGHV5-5-1*01(3000)		IGHJ3-M*01(540)	IGHM*01(350)	288|300|321|0|12||120.0		20|43|74|16|39||230.0		TGCGCCAGAGAGAAAGACAATGCTGCCTTTGACTACTGG	40	CAREKDNAAFDYW	:::::::::0:-1:12:::::16:0:39:::
189	1.0	0.002066115702479339	TGCGCCAGAGAATGGAGTTACGGTGCCTTTGACTACTGG	IIIIIIIIIIIIIIIIIIIIIIIIIIIIIIIIIIIIIII	IGHV5-5-2*01(1092)	IGHD3-M*01(35)	IGHJ2-M*01(520)	IGHM*01(350)	288|299|321|0|11||110.0	12|19|33|11|18||35.0	19|40|71|18|39||210.0		TGCGCCAGAGAATGGAGTTACGGTGCCTTTGACTACTGG	40	CAREWSYGAFDYW	:::::::::0:-2:11:11:-1:-3:18:18:1:39:::
190	1.0	0.002066115702479339	TGCGCCAGAGAAAGTGGTGCCTTTGACTACTGG	IIIIIIIIIIIIIIIIIIIIIIIIIIIIIIIII	IGHV5-5-1*01(1751)		IGHJ2-M*01(490)	IGHM*01(350)	288|299|321|0|11||110.0		22|40|71|15|33||180.0		TGCGCCAGAGAAAGTGGTGCCTTTGACTACTGG	40	CARESGAFDYW	:::::::::0:-2:11:::::15:-2:33:::
191	1.0	0.002066115702479339	TGCGCAAGACAGTCAACTACCTGGGCGTTCGACTACTGG	IIIIIIIIIIIIIIIIIIIIIIIIIIIIIIIIIIIIIII	IGHV4-9*01(1119)		IGHJ5-M*01(501)	IGHM*01(350)	282|293|315|0|11||110.0		20|42|73|17|39|SA22C|191.0		TGCGCAAGACAGTCAACTACCTGGGCGTTCGACTACTGG	40	CARQSTTWAFDYW	:::::::::0:-2:11:::::17:0:39:::
192	1.0	0.002066115702479339	TGCGCAAGACAAAACAACTACTGGGCGTTCGACTACTGG	IIIIIIIIIIIIIIIIIIIIIIIIIIIIIIIIIIIIIII	IGHV4-9*01(1478)	IGHD1-M*01(35)	IGHJ5-M*01(510)	IGHM*01(350)	282|294|315|0|12||120.0	13|20|33|12|19||35.0	22|42|73|19|39||200.0		TGCGCAAGACAAAACAACTACTGGGCGTTCGACTACTGG	40	CARQNNYWAFDYW	:::::::::0:-1:12:12:-2:-2:19:19:-2:39:::
